Date,Open,High,Low,Close,Adj Close,Volume,,
1/2/17,536.91,539.88,531.14,537.46,522.12,3275674,,
1/3/17,539.81,543.35,535.47,539.59,524.19,2969384,,
1/4/17,541.32,541.37,527.15,528.56,513.49,4796129,,
1/5/17,530.47,534.88,529.36,533.64,518.42,4030815,,
1/6/17,532.06,537.41,531.51,532.43,517.24,3620853,,
1/9/17,533.44,537.90,530.47,533.79,518.56,2413173,,
1/10/17,534.93,542.06,534.93,539.81,524.41,5237984,,
1/11/17,542.36,542.71,536.91,537.93,522.58,5296152,,
1/12/17,538.40,540.06,534.83,536.56,521.26,2017673,,
1/13/17,537.18,543.60,537.18,540.08,524.67,3338688,,
1/16/17,539.86,541.84,531.93,533.07,517.86,5544068,,
1/17/17,527.50,528.99,514.37,515.74,501.02,18106600,,
1/18/17,516.40,519.08,509.55,511.43,496.84,7322904,,
1/19/17,512.71,517.74,510.66,512.00,497.39,7053690,,
1/20/17,512.12,513.85,507.14,508.08,493.59,4054233,,
1/23/17,506.10,510.66,501.64,503.18,488.83,6326471,,
1/24/17,503.73,509.57,503.73,508.83,494.31,4347000,,
1/25/17,511.15,511.50,503.30,503.87,489.50,11009842,,
1/27/17,505.33,509.62,504.72,507.74,493.25,10089215,,
1/30/17,507.66,518.31,507.59,517.49,502.73,7235452,,
1/31/17,518.51,521.95,515.27,517.69,502.92,6980274,,
2/1/17,518.14,520.52,512.74,519.90,505.07,5220617,,
2/2/17,520.07,520.47,514.25,516.85,502.11,4199246,,
2/3/17,518.09,520.29,510.21,511.97,497.37,6100788,,
2/6/17,513.63,517.54,511.18,515.93,501.22,4611263,,
2/7/17,516.11,516.28,508.78,510.61,496.04,4571415,,
2/8/17,510.61,514.25,506.20,507.76,493.28,7490523,,
2/9/17,509.17,512.15,508.58,511.53,496.93,4551167,,
2/10/17,512.64,512.91,507.96,510.24,495.68,5777310,,
2/13/17,511.65,512.15,506.20,510.09,495.54,3953095,,
2/14/17,512.64,521.51,510.11,519.97,505.14,8419890,,
2/15/17,521.51,523.79,517.72,520.71,505.86,7031717,,
2/16/17,521.33,529.70,521.33,528.74,513.65,9070869,,
2/17/17,528.24,534.04,524.26,532.70,517.50,6852052,,
2/20/17,530.25,534.36,528.24,532.65,517.46,5376741,,
2/21/17,532.55,540.35,531.49,538.99,523.61,6547056,,
2/22/17,541.37,600.14,540.87,598.08,581.02,58759604,,
2/23/17,601.10,605.26,584.14,585.82,569.11,28728225,,
2/27/17,589.66,622.50,589.59,613.63,596.13,38499330,,
2/28/17,610.22,618.14,608.48,613.21,595.72,16665551,,
3/1/17,614.23,616.36,609.23,611.45,594.01,11253980,,
3/2/17,613.14,621.46,607.76,612.57,595.09,8336344,,
3/3/17,614.95,637.85,614.95,623.37,605.58,38907038,,
3/6/17,628.54,649.84,626.68,646.55,628.10,30793458,,
3/7/17,653.23,657.27,641.99,646.35,627.91,19416016,,
3/8/17,647.71,647.71,637.01,639.54,621.29,20000005,,
3/9/17,638.94,642.91,634.73,637.33,619.15,14350087,,
3/10/17,639.07,641.92,624.68,634.81,616.70,11438543,,
3/14/17,653.18,653.31,636.59,638.70,620.48,12813559,,
3/15/17,639.46,651.97,639.14,646.35,627.91,11125787,,
3/16/17,648.85,649.05,640.73,642.73,624.40,7348934,,
3/17/17,647.86,653.78,642.93,644.24,625.86,10488640,,
3/20/17,646.87,646.99,633.17,634.39,616.29,5939197,,
3/21/17,635.08,635.92,623.74,625.97,608.11,10428134,,
3/22/17,620.12,627.01,617.42,623.94,606.14,9364609,,
3/23/17,625.64,632.78,623.09,630.67,612.68,5449349,,
3/24/17,631.07,639.93,628.27,637.33,619.15,7514381,,
3/27/17,629.58,633.37,617.74,619.68,602.00,14976876,,
3/28/17,623.09,626.07,615.22,617.03,599.42,10017936,,
3/29/17,619.97,624.08,610.88,622.43,604.67,8733582,,
3/30/17,621.61,631.39,620.62,629.36,611.41,12858458,,
3/31/17,627.06,662.54,627.06,654.25,635.58,20947737,,
4/3/17,664.70,683.77,662.25,680.87,661.45,20715169,,
4/5/17,691.05,702.34,683.57,700.86,680.86,18609462,,
4/6/17,697.88,717.65,694.52,712.50,692.17,23361514,,
4/7/17,703.98,710.27,694.69,696.70,676.82,14710432,,
4/10/17,698.38,705.76,682.18,684.19,664.67,14199616,,
4/11/17,687.41,693.65,678.62,679.73,660.34,14883207,,
4/12/17,684.91,686.72,669.23,670.64,651.51,12667376,,
4/13/17,670.64,680.25,667.35,675.99,656.71,5867471,,
4/17/17,676.09,691.22,676.09,689.39,669.72,5463005,,
4/18/17,693.40,698.38,677.08,678.67,659.31,7391572,,
4/19/17,678.07,684.78,672.40,677.97,658.63,5340733,,
4/20/17,683.03,686.89,675.65,678.34,658.99,3873597,,
4/21/17,683.77,703.83,682.80,694.67,674.85,13951559,,
4/24/17,697.91,710.76,693.53,702.05,682.02,11774019,,
4/25/17,723.15,726.98,706.35,709.67,689.43,16966725,,
4/26/17,710.76,713.26,694.71,701.57,681.56,7736192,,
4/27/17,701.85,705.39,694.52,698.13,678.22,5801788,,
4/28/17,698.26,703.48,688.97,691.05,671.34,5468153,,
5/2/17,694.42,694.42,676.74,678.84,659.47,8579933,,
5/3/17,681.99,683.89,676.09,678.62,659.26,4384266,,
5/4/17,681.04,683.32,670.67,672.60,653.41,6629876,,
5/5/17,674.41,677.26,656.28,657.89,639.12,7198681,,
5/8/17,658.76,663.46,652.99,654.50,635.82,7414794,,
5/9/17,655.78,660.56,653.93,658.93,640.13,9740485,,
5/10/17,661.13,675.40,659.08,673.17,653.97,10571126,,
5/11/17,675.65,678.44,669.48,673.39,654.18,6361244,,
5/12/17,673.64,675.60,665.71,668.88,649.80,3472060,,
5/15/17,671.83,671.83,660.49,665.74,646.75,3109625,,
5/16/17,666.71,681.99,664.20,671.78,652.62,5840738,,
5/17/17,670.15,676.56,667.55,670.20,651.08,4543269,,
5/18/17,663.83,668.66,655.83,657.44,638.69,4518258,,
5/19/17,660.24,661.58,648.85,653.23,634.60,5913291,,
5/22/17,657.02,660.54,651.43,655.86,637.15,4061858,,
5/23/17,656.63,658.68,644.89,646.65,628.20,4256413,,
5/24/17,647.61,650.68,641.47,642.76,624.42,6611691,,
5/25/17,643.90,650.04,642.14,645.11,626.71,11963002,,
5/26/17,645.85,665.89,643.90,662.37,643.48,9890146,,
5/29/17,662.22,676.31,661.53,672.08,652.91,11086441,,
5/30/17,671.58,675.94,667.92,673.29,654.09,4457308,,
5/31/17,677.08,677.55,661.63,664.06,645.11,7579368,,
6/1/17,660.09,663.71,655.29,657.89,639.12,4399971,,
6/2/17,661.23,663.06,652.32,656.16,637.44,5304943,,
6/5/17,656.90,664.20,651.75,658.43,639.65,5000365,,
6/6/17,660.71,660.71,649.34,650.24,631.69,4426274,,
6/7/17,649.44,664.70,648.35,663.21,644.29,5168439,,
6/8/17,663.71,666.09,657.79,659.60,640.78,3647290,,
6/9/17,666.23,670.12,659.25,661.58,642.71,6385564,,
6/12/17,657.05,658.63,652.32,653.53,634.89,3891567,,
6/13/17,654.10,657.27,649.34,651.00,632.43,2780692,,
6/14/17,651.77,673.61,651.77,672.38,653.20,24431465,,
6/15/17,673.61,690.95,673.17,685.48,665.92,13056205,,
6/16/17,688.03,691.35,678.22,687.88,668.26,15096065,,
6/19/17,688.57,701.25,688.57,698.01,678.10,7031853,,
6/20/17,697.88,704.37,697.12,699.54,679.59,4680750,,
6/21/17,697.29,707.30,695.53,704.32,684.23,9226522,,
6/22/17,708.01,715.91,707.15,709.60,689.36,10207734,,
6/23/17,711.26,714.23,708.58,711.18,690.90,14372622,,
6/27/17,709.28,714.73,705.81,711.83,691.52,15040990,,
6/28/17,713.21,713.21,691.22,692.68,672.92,7184538,,
6/29/17,693.43,698.38,688.52,689.81,670.13,5952538,,
6/30/17,689.46,689.66,681.07,683.52,664.02,3606284,,
7/3/17,687.58,690.80,679.06,684.04,664.53,4243619,,
7/4/17,688.47,706.85,687.98,704.30,684.21,8683942,,
7/5/17,708.01,716.93,705.31,714.55,694.17,12556953,,
7/6/17,717.55,718.19,712.25,714.50,694.12,6271927,,
7/7/17,714.73,741.84,713.24,738.57,717.50,16542604,,
7/10/17,740.53,743.40,737.56,739.42,718.32,1617344,,
7/11/17,743.45,745.14,736.52,740.16,719.04,9689441,,
7/12/17,742.66,755.34,741.72,748.46,727.10,7893715,,
7/13/17,747.29,755.34,746.00,753.90,737.77,10619232,,
7/14/17,752.86,760.79,750.66,759.67,743.41,9474992,,
7/17/17,761.28,772.48,761.28,768.59,752.14,8652868,,
7/18/17,766.14,768.61,748.41,752.81,736.70,9063934,,
7/19/17,749.20,761.78,749.20,759.28,743.03,5441174,,
7/20/17,762.65,767.72,754.70,757.27,741.06,6288420,,
7/21/17,767.72,788.38,765.22,785.06,768.26,44831188,,
7/24/17,792.49,804.82,785.06,800.04,782.92,20042658,,
7/25/17,804.72,804.85,791.30,793.55,776.57,9259100,,
7/26/17,794.57,807.30,793.03,803.76,786.55,10131916,,
7/27/17,806.36,808.09,786.72,789.91,773.01,8495918,,
7/28/17,788.15,795.44,781.59,789.74,772.84,6614152,,
7/31/17,793.45,801.80,790.51,800.02,782.89,7645862,,
8/1/17,803.76,803.76,788.28,794.27,777.27,5681949,,
8/2/17,797.44,810.17,796.50,806.95,789.68,9592846,,
8/3/17,805.79,824.63,800.93,817.30,799.81,9094953,,
8/4/17,823.69,823.69,799.97,803.46,786.26,8574605,,
8/7/17,808.14,808.14,798.70,800.59,783.45,4401364,,
8/8/17,801.40,802.91,785.95,793.75,776.76,5058636,,
8/9/17,793.23,802.39,785.06,791.89,774.94,4816513,,
8/10/17,789.05,795.78,781.57,784.74,767.94,4701836,,
8/11/17,768.19,782.58,759.30,765.87,749.47,7843781,,
8/14/17,773.17,784.81,773.17,779.14,762.46,6202842,,
8/16/17,778.62,780.60,767.82,775.70,759.09,6265622,,
8/17/17,777.13,791.32,773.25,776.19,759.58,7304951,,
8/18/17,774.66,781.49,769.28,780.30,763.60,3662412,,
8/21/17,781.10,784.64,772.80,774.86,758.27,3495195,,
8/22/17,778.62,782.53,770.72,772.70,756.16,4399773,,
8/23/17,775.08,785.83,769.28,783.60,766.83,3839702,,
8/24/17,787.53,789.07,774.90,776.66,760.04,5839979,,
8/28/17,782.11,783.55,773.27,775.92,759.31,5684028,,
8/29/17,773.59,776.39,757.82,758.88,742.64,6998558,,
8/30/17,766.51,777.03,763.39,774.71,758.12,4769560,,
8/31/17,780.11,791.22,779.61,789.76,772.86,11585780,,
9/1/17,792.41,800.71,791.99,797.49,780.42,7121827,,
9/4/17,800.17,810.39,790.43,799.10,782.00,9950182,,
9/5/17,807.35,809.75,802.91,808.63,791.33,11637538,,
9/6/17,805.56,818.49,803.78,814.97,797.53,22496263,,
9/7/17,815.27,824.68,807.35,810.42,793.07,7478761,,
9/8/17,812.30,815.52,804.47,809.23,791.91,6114140,,
9/11/17,813.59,819.09,808.88,810.22,792.88,5856706,,
9/12/17,815.02,817.25,809.33,816.02,798.55,2999837,,
9/13/17,816.26,851.83,814.28,841.03,823.03,13557530,,
9/14/17,847.76,853.41,834.09,835.93,818.03,5476914,,
9/15/17,834.09,844.84,826.91,833.90,816.05,13196770,,
9/18/17,842.02,843.06,835.18,837.61,819.68,2336110,,
9/19/17,840.73,840.78,829.14,830.73,812.94,3562177,,
9/20/17,848.06,864.31,837.16,839.20,821.23,11511053,,
9/21/17,839.05,843.70,828.40,833.45,815.61,5976672,,
9/22/17,832.01,832.01,805.56,809.72,792.39,5673719,,
9/25/17,807.35,820.18,797.64,813.84,796.42,6566972,,
9/26/17,813.98,819.28,804.57,812.40,795.01,4875350,,
9/27/17,817.85,817.95,788.03,791.65,774.70,8514143,,
9/28/17,792.14,795.36,772.87,779.07,762.39,13636223,,
9/29/17,784.32,785.95,771.78,773.57,757.01,7691452,,
10/3/17,787.53,796.30,777.98,790.85,773.93,8466559,,
10/4/17,791.70,817.20,788.13,811.16,793.80,8725859,,
10/5/17,817.25,820.67,810.96,816.41,798.94,4906551,,
10/6/17,816.26,831.47,814.88,829.19,811.44,5998431,,
10/9/17,831.12,831.91,820.23,822.85,805.24,4084462,,
10/10/17,823.20,839.34,823.20,835.28,817.40,6798826,,
10/11/17,837.36,850.34,828.15,832.26,814.45,7116625,,
10/12/17,834.19,868.57,834.19,864.55,846.05,8603714,,
10/13/17,871.04,882.34,865.15,868.22,849.64,9926723,,
10/16/17,870.75,883.62,853.21,868.57,849.98,14772250,,
10/17/17,869.76,875.70,859.06,866.14,847.60,6414314,,
10/18/17,869.16,909.28,866.78,905.91,886.52,16924095,,
10/19/17,907.20,913.24,894.52,901.36,882.06,3698813,,
10/23/17,904.33,935.83,900.56,930.93,911.00,12670626,,
10/24/17,938.80,938.80,919.48,925.48,905.67,6395360,,
10/25/17,931.27,937.02,920.77,931.07,911.15,4620435,,
10/26/17,931.17,948.81,922.26,938.50,918.42,7771680,,
10/27/17,941.08,947.72,917.01,921.12,901.40,5306577,,
10/30/17,925.23,936.67,921.86,933.65,913.67,3610434,,
10/31/17,936.08,936.87,923.45,932.02,912.07,4386549,,
11/1/17,938.85,948.81,936.87,943.61,923.41,8109185,,
11/2/17,943.85,947.52,935.38,937.71,917.64,4743147,,
11/3/17,946.97,946.97,931.32,936.42,916.38,2214524,,
11/6/17,933.65,933.65,920.28,923.74,903.97,4503082,,
11/7/17,924.59,926.22,894.57,898.19,878.96,9436552,,
11/8/17,894.03,897.49,875.80,879.46,860.64,8192911,,
11/9/17,886.35,901.36,883.67,892.04,872.95,6925831,,
11/10/17,892.49,892.49,870.94,875.55,856.81,6425509,,
11/13/17,876.69,883.53,865.30,867.03,848.47,4194396,,
11/14/17,866.78,886.60,864.80,878.37,859.57,5760193,,
11/15/17,876.19,882.24,869.71,875.40,856.67,7048053,,
11/16/17,877.19,897.49,877.19,895.36,876.20,6996737,,
11/17/17,910.32,916.22,899.97,903.34,884.00,5639193,,
11/20/17,897.69,915.67,896.50,912.20,892.68,4260195,,
11/21/17,918.10,930.83,916.81,923.79,904.02,6037454,,
11/22/17,928.65,929.84,914.78,922.01,902.28,5103410,,
11/23/17,922.26,940.98,917.95,938.11,918.03,7398598,,
11/24/17,941.08,950.49,938.50,942.17,922.00,6455055,,
11/27/17,938.36,948.51,935.14,942.42,922.25,4724436,,
11/28/17,940.93,942.42,929.29,934.49,914.49,4685893,,
11/29/17,933.01,941.08,932.16,937.12,917.06,3709698,,
11/30/17,932.61,932.61,910.87,912.90,893.36,9524326,,
12/1/17,915.77,922.51,899.18,901.55,882.26,5129555,,
12/4/17,904.92,905.22,888.92,893.13,874.02,4662629,,
12/5/17,892.59,912.10,887.04,905.12,885.75,8448505,,
12/6/17,901.46,921.56,900.27,917.95,898.30,11112030,,
12/7/17,921.32,927.21,914.33,922.80,903.05,5581979,,
12/8/17,925.08,928.15,910.42,912.35,892.82,5641459,,
12/11/17,913.79,917.30,904.97,907.55,888.12,4980620,,
12/12/17,907.35,920.28,899.47,907.00,887.59,7283405,,
12/13/17,908.29,916.26,902.15,906.06,886.67,4221739,,
12/14/17,910.37,916.22,900.22,912.85,893.31,5068725,,
12/15/17,922.26,924.19,909.08,911.11,891.61,11264479,,
12/18/17,903.39,923.89,854.55,912.35,892.82,8575323,,
12/19/17,914.93,918.30,911.36,917.26,897.62,4103513,,
12/20/17,917.21,918.69,908.39,909.53,890.06,4819670,,
12/21/17,909.83,915.27,901.46,904.38,885.02,4186472,,
12/22/17,906.06,913.74,900.76,911.76,892.24,4918863,,
12/26/17,916.17,930.08,909.53,921.07,901.35,5351708,,
12/27/17,924.24,928.70,910.37,915.08,895.49,4393640,,
12/28/17,916.56,925.63,910.47,915.52,895.93,7158735,,
12/29/17,917.80,923.55,909.88,912.40,892.87,5117894,,
1/1/18,914.04,914.04,898.98,901.21,881.92,4362651,,
1/2/18,904.43,910.92,897.89,902.59,883.28,4383980,,
1/3/18,916.31,917.30,904.48,906.21,886.81,6233847,,
1/4/18,909.53,913.14,907.10,911.66,892.15,4157621,,
1/5/18,913.14,918.20,911.61,914.58,895.01,3434151,,
1/8/18,917.40,922.26,914.83,919.83,900.14,4073668,,
1/9/18,919.43,935.04,915.32,932.11,912.16,6596942,,
1/10/18,934.15,938.50,926.72,933.50,913.52,5412323,,
1/11/18,932.96,933.80,926.22,928.94,909.06,3622391,,
1/12/18,934.15,943.85,929.44,940.09,919.97,6955338,,
1/15/18,941.08,949.50,936.32,940.24,920.11,5132305,,
1/16/18,938.80,938.80,911.36,914.28,894.71,4995805,,
1/17/18,917.30,920.28,898.48,915.82,896.22,6093651,,
1/18/18,920.28,920.87,906.51,911.06,891.56,4329708,,
1/19/18,914.33,925.63,913.44,922.56,902.81,4602784,,
1/22/18,939.10,965.15,931.17,962.38,941.78,21090881,,
1/23/18,965.84,981.64,965.84,974.02,953.17,10396119,,
1/24/18,972.53,972.53,953.61,957.28,936.79,6594595,,
1/25/18,958.81,962.87,947.17,956.83,936.35,6308657,,
1/29/18,957.13,968.12,950.29,955.44,934.99,4567493,,
1/30/18,956.73,956.73,940.09,941.48,921.32,4237933,,
1/31/18,941.08,955.44,932.71,952.27,931.89,5792601,,
2/1/18,954.21,963.47,927.81,934.99,914.97,7626196,,
2/2/18,926.22,935.09,892.54,895.86,876.68,13367616,,
2/5/18,885.61,903.93,873.52,893.68,874.55,8856689,,
2/6/18,868.76,889.57,862.82,883.72,864.81,11104841,,
2/7/18,894.08,896.90,881.64,886.00,867.04,7168146,,
2/8/18,889.47,902.10,883.97,896.06,876.88,6380648,,
2/9/18,880.65,893.53,877.68,889.42,870.38,5344463,,
2/12/18,894.52,909.58,893.58,906.90,887.49,5481260,,
2/14/18,914.33,933.65,912.35,924.88,905.09,10267369,,
2/15/18,928.85,936.87,919.43,926.86,907.03,6167365,,
2/16/18,930.78,933.75,909.48,912.65,893.11,4443395,,
2/19/18,912.35,923.25,904.97,918.30,898.64,4126685,,
2/20/18,920.28,920.82,910.17,912.45,892.92,3903573,,
2/21/18,921.27,923.74,913.49,920.62,900.92,5499873,,
2/22/18,913.34,922.26,911.36,915.67,896.07,5167371,,
2/23/18,916.71,929.19,914.09,925.48,905.67,4896820,,
2/26/18,930.18,936.03,927.81,929.89,909.98,3893033,,
2/27/18,930.18,946.83,929.54,941.57,921.42,6470858,,
2/28/18,937.07,948.11,934.34,945.59,925.35,26144187,,
3/1/18,940.83,950.89,937.07,939.49,919.39,4133465,,
3/5/18,934.15,941.23,912.95,915.42,895.83,5688306,,
3/6/18,920.28,927.41,896.60,902.30,882.98,7393101,,
3/7/18,900.71,900.71,879.71,881.40,862.53,7316409,,
3/8/18,889.22,905.91,884.91,902.89,883.57,6130548,,
3/9/18,906.31,910.72,902.50,904.53,885.17,4909678,,
3/12/18,911.36,924.34,908.93,921.56,901.84,3837440,,
3/13/18,923.15,927.21,912.70,923.10,903.34,5145137,,
3/14/18,920.08,923.30,910.57,920.33,900.63,6795338,,
3/15/18,916.31,920.72,901.46,903.24,883.91,5866510,,
3/16/18,900.46,901.16,877.73,891.60,872.51,14221100,,
3/19/18,892.54,898.38,883.62,887.09,868.10,5829127,,
3/20/18,884.91,895.51,878.72,881.44,862.58,7011559,,
3/21/18,886.45,893.88,884.91,888.48,869.46,6791028,,
3/22/18,887.59,903.39,887.34,899.62,880.37,10212863,,
3/23/18,882.24,891.55,880.75,885.51,866.55,10831400,,
3/26/18,885.56,895.81,884.12,892.64,873.53,6104583,,
3/27/18,898.68,902.20,888.58,891.35,872.27,7005357,,
3/28/18,887.39,887.44,871.74,874.41,855.70,8842618,,
4/2/18,884.61,892.49,878.18,884.57,865.63,5766209,,
4/3/18,882.63,893.23,876.94,891.10,872.03,6425059,,
4/4/18,896.20,903.24,883.67,886.50,867.52,6560005,,
4/5/18,896.60,901.46,895.02,899.67,880.42,3935631,,
4/6/18,899.47,909.88,896.50,902.45,883.13,4460344,,
4/9/18,903.98,910.37,903.98,907.40,887.98,3606112,,
4/10/18,909.78,915.22,905.57,908.44,888.99,3902042,,
4/11/18,913.14,923.99,907.45,922.11,902.37,6064484,,
4/12/18,921.12,927.85,915.52,919.98,900.29,4994624,,
4/13/18,923.94,932.86,919.98,930.03,910.13,5822658,,
4/16/18,925.68,931.17,919.78,928.25,908.38,4123166,,
4/17/18,931.17,938.31,927.21,935.38,915.36,4430313,,
4/18/18,936.37,939.30,926.27,929.19,909.30,3397094,,
4/19/18,930.28,936.13,926.22,933.45,913.47,4523892,,
4/20/18,929.19,933.01,912.55,919.19,899.51,3381269,,
4/23/18,921.27,935.48,919.78,927.21,907.37,3541772,,
4/24/18,927.01,966.54,926.22,960.94,940.37,9193591,,
4/25/18,964.51,972.58,954.50,961.39,940.81,6497632,,
4/26/18,963.86,978.72,953.21,966.19,945.51,15735759,,
4/27/18,980.51,1001.51,976.25,986.94,965.82,11776851,,
4/30/18,972.78,983.28,950.99,954.25,933.83,8955897,,
5/2/18,957.92,970.01,955.99,963.57,942.94,6175751,,
5/3/18,968.72,968.72,950.24,952.57,932.18,3984964,,
5/4/18,953.81,955.64,941.08,944.99,924.77,3831671,,
5/7/18,949.85,964.11,947.37,961.88,941.29,3545827,,
5/8/18,968.32,972.78,956.14,958.02,937.51,4980805,,
5/9/18,956.83,975.06,953.21,967.53,946.82,4537025,,
5/10/18,970.80,975.35,965.10,971.94,951.13,4052699,,
5/11/18,972.04,981.99,968.57,979.96,958.99,4049541,,
5/14/18,982.64,982.64,967.53,977.34,956.42,2604012,,
5/15/18,973.82,990.61,967.48,969.76,949.00,4846430,,
5/16/18,964.85,964.85,943.51,947.17,926.90,8695009,,
5/17/18,950.34,950.99,932.66,936.47,916.43,4778345,,
5/18/18,936.72,944.55,923.25,925.08,905.28,5279612,,
5/21/18,922.01,926.91,913.44,922.60,902.86,6687690,,
5/22/18,924.39,925.23,916.31,918.05,898.40,5219596,,
5/23/18,917.30,917.30,900.61,903.68,884.34,4610857,,
5/24/18,905.42,912.35,901.60,907.25,887.83,5368392,,
5/25/18,907.40,914.73,905.86,912.15,892.63,8206579,,
5/28/18,916.22,918.30,909.48,911.76,892.24,5247105,,
5/29/18,912.85,919.29,905.81,908.84,889.38,8250871,,
5/30/18,906.26,914.53,898.09,907.50,888.07,6048012,,
5/31/18,912.35,913.64,905.96,912.70,893.16,17112487,,
6/1/18,911.36,926.96,909.83,921.81,902.08,8848926,,
6/4/18,924.64,935.14,921.81,932.02,912.07,5653442,,
6/5/18,933.95,946.03,932.16,938.75,918.66,8047086,,
6/6/18,938.11,947.02,933.80,945.44,925.20,4229195,,
6/7/18,945.93,966.84,945.49,962.23,941.63,6922300,,
6/8/18,957.28,977.29,951.58,975.11,954.24,6594521,,
6/11/18,977.83,990.56,969.86,973.42,952.59,6931136,,
6/12/18,974.17,990.61,971.09,987.79,966.64,7515794,,
6/13/18,990.61,996.45,980.21,993.09,971.83,5982192,,
6/14/18,988.08,1002.30,978.13,998.49,977.11,5536858,,
6/15/18,996.55,1013.89,989.87,1004.68,983.17,11401764,,
6/18/18,999.33,1010.87,997.54,1006.01,984.48,5705952,,
6/19/18,1004.38,1005.27,984.32,986.70,965.58,6406255,,
6/20/18,986.65,1013.29,985.51,1009.68,988.07,7262014,,
6/21/18,1013.84,1026.27,1011.71,1022.26,1000.38,10609377,,
6/22/18,1018.74,1019.54,998.98,1002.99,981.52,16323253,,
6/25/18,1001.90,1006.96,992.89,995.02,973.72,5246962,,
6/26/18,996.55,996.55,966.09,969.76,949.00,8145067,,
6/27/18,969.31,976.15,953.66,956.78,942.08,9043473,,
6/28/18,952.97,959.41,931.47,936.08,921.69,8662575,,
6/29/18,940.19,966.34,940.09,963.32,948.51,8041914,,
7/2/18,963.22,963.22,948.01,951.58,936.96,6724054,,
7/3/18,955.94,969.26,951.33,962.18,947.39,5115293,,
7/4/18,962.67,982.69,961.88,980.80,965.73,5048125,,
7/5/18,987.64,998.93,949.60,955.44,940.76,18896793,,
7/6/18,955.69,973.77,955.44,968.37,953.49,9248105,,
7/9/18,977.83,990.61,974.26,987.74,972.56,5219197,,
7/10/18,993.33,1018.84,990.61,1016.07,1000.45,10543516,,
7/11/18,1015.38,1031.13,1008.29,1029.05,1013.23,8747208,,
7/12/18,1034.54,1088.68,1032.81,1072.19,1055.71,24337829,,
7/13/18,1070.35,1098.59,1069.86,1089.47,1072.73,18137593,,
7/16/18,1089.47,1098.49,1062.97,1066.09,1049.71,6658302,,
7/17/18,1068.17,1085.66,1059.56,1082.09,1065.46,6530578,,
7/18/18,1088.09,1094.23,1067.18,1082.29,1065.66,4726480,,
7/19/18,1083.03,1104.53,1076.15,1094.48,1077.65,5485122,,
7/20/18,1102.95,1127.81,1101.46,1118.05,1100.87,8094154,,
7/23/18,1119.19,1119.19,1102.65,1109.78,1092.72,5897877,,
7/24/18,1111.46,1116.17,1097.00,1100.52,1083.60,4511507,,
7/25/18,1099.58,1112.46,1093.83,1104.68,1087.70,6006077,,
7/26/18,1099.68,1110.97,1097.40,1100.22,1083.31,6485768,,
7/27/18,1108.99,1126.72,1101.71,1119.24,1102.04,6742782,,
7/30/18,1119.39,1146.43,1117.41,1140.59,1123.06,14003964,,
7/31/18,1140.19,1179.22,1136.38,1174.86,1156.81,14006901,,
8/1/18,1179.22,1191.60,1174.27,1181.15,1163.00,9796282,,
8/2/18,1180.31,1180.31,1155.00,1157.38,1139.59,6308209,,
8/3/18,1163.97,1172.39,1158.57,1165.90,1147.98,6708388,,
8/6/18,1165.65,1184.77,1164.31,1181.40,1163.24,4054489,,
8/7/18,1183.68,1190.12,1165.95,1173.08,1155.05,4097939,,
8/8/18,1173.87,1211.02,1173.87,1206.27,1187.73,7987438,,
8/9/18,1210.03,1220.13,1200.62,1206.51,1187.97,6911830,,
8/10/18,1199.63,1203.59,1191.01,1192.89,1174.56,3615156,,
8/13/18,1186.31,1188.68,1171.59,1176.55,1158.47,4712408,,
8/14/18,1178.83,1205.77,1173.18,1199.23,1180.80,5349770,,
8/16/18,1191.95,1204.58,1184.27,1189.52,1171.24,6039198,,
8/17/18,1197.65,1203.99,1188.78,1192.45,1174.12,3867305,,
8/20/18,1196.56,1225.19,1196.31,1223.30,1204.50,7679143,,
8/21/18,1225.63,1239.75,1215.48,1235.49,1216.50,7348644,,
8/23/18,1234.60,1262.04,1226.77,1257.53,1238.20,8043652,,
8/24/18,1253.37,1267.93,1248.22,1265.50,1246.05,6715059,,
8/27/18,1267.39,1283.68,1266.74,1279.37,1259.71,5624995,,
8/28/18,1283.83,1310.58,1282.84,1306.61,1286.53,8777168,,
8/29/18,1303.94,1316.52,1278.09,1282.05,1262.34,11182203,,
8/30/18,1281.45,1284.97,1258.52,1262.48,1243.08,9943410,,
8/31/18,1258.07,1258.07,1224.99,1229.99,1211.09,15450941,,
9/3/18,1233.31,1246.09,1214.54,1217.61,1198.89,12315666,,
9/4/18,1223.55,1243.02,1217.46,1230.29,1211.38,8922552,,
9/5/18,1230.83,1240.89,1197.15,1215.48,1196.80,10422792,,
9/6/18,1218.60,1253.82,1213.84,1249.56,1230.35,11301160,,
9/7/18,1253.02,1269.32,1242.72,1266.59,1247.13,10794143,,
9/10/18,1263.03,1265.01,1238.36,1244.06,1224.94,7125920,,
9/11/18,1247.18,1256.49,1222.66,1226.08,1207.23,10977849,,
9/12/18,1240.05,1246.88,1217.31,1240.74,1221.67,8142006,,
9/14/18,1247.57,1263.62,1235.93,1241.38,1222.30,7953264,,
9/17/18,1239.01,1239.01,1210.13,1214.39,1195.72,6818107,,
9/18/18,1214.49,1227.76,1202.95,1205.72,1187.19,7688607,,
9/19/18,1212.51,1212.51,1189.72,1199.38,1180.95,11372574,,
9/21/18,1207.55,1225.78,1172.39,1206.07,1187.53,19250938,,
9/24/18,1203.05,1228.26,1193.19,1220.48,1201.72,10198351,,
9/25/18,1223.90,1233.31,1183.78,1219.04,1200.31,9807108,,
9/26/18,1227.37,1242.18,1215.63,1239.65,1220.60,6457463,,
9/27/18,1243.22,1251.14,1225.88,1241.98,1222.89,10911205,,
9/28/18,1248.07,1259.76,1235.59,1246.14,1226.99,11177984,,
10/1/18,1245.89,1245.89,1192.69,1220.13,1201.38,7402199,,
10/3/18,1217.95,1227.96,1188.78,1193.78,1175.44,7446497,,
10/4/18,1178.33,1179.22,1095.61,1111.71,1094.63,23432473,,
10/5/18,1089.18,1104.83,1028.40,1039.00,1023.03,22151189,,
10/8/18,1040.14,1106.51,1015.92,1098.98,1082.09,24913364,,
10/9/18,1111.12,1112.75,1071.05,1079.81,1063.22,11095381,,
10/10/18,1083.63,1105.37,1074.12,1091.75,1074.97,9592247,,
10/11/18,1054.01,1104.28,1033.21,1077.59,1061.02,13349523,,
10/12/18,1094.57,1118.40,1091.55,1115.97,1098.82,9144401,,
10/15/18,1119.29,1136.13,1107.65,1129.05,1111.70,8955871,,
10/16/18,1135.24,1156.44,1129.30,1152.87,1135.15,7549490,,
10/17/18,1167.93,1168.28,1129.30,1140.49,1122.96,12906841,,
10/19/18,1089.67,1100.57,1060.20,1090.96,1074.19,25662196,,
10/22/18,1099.58,1104.33,1047.42,1052.67,1036.49,13290338,,
10/23/18,1042.86,1054.70,1033.85,1044.80,1028.74,10673958,,
10/24/18,1064.81,1065.85,1021.72,1035.93,1020.01,13784775,,
10/25/18,1026.27,1030.88,1006.86,1021.12,1005.43,14229855,,
10/26/18,1023.20,1047.07,1012.40,1035.09,1019.18,9269654,,
10/29/18,1036.18,1083.58,1036.18,1077.59,1061.02,7744528,,
10/30/18,1075.31,1075.31,1042.22,1047.07,1030.98,8890179,,
10/31/18,1049.06,1055.84,1037.17,1051.28,1035.13,16613693,,
11/1/18,1057.87,1057.87,1040.14,1046.33,1030.25,9485091,,
11/2/18,1056.98,1070.85,1053.17,1064.81,1048.44,16955411,,
11/5/18,1063.37,1082.44,1055.00,1080.06,1063.46,7654392,,
11/6/18,1083.73,1101.56,1081.35,1093.73,1076.92,8716110,,
11/7/18,1104.53,1104.53,1096.31,1100.27,1083.36,1296168,,
11/9/18,1095.86,1103.34,1074.81,1083.18,1066.54,10943218,,
11/12/18,1087.39,1088.48,1064.46,1069.86,1053.42,5856714,,
11/13/18,1063.92,1092.64,1060.00,1089.13,1072.39,6876165,,
11/14/18,1094.67,1102.20,1075.31,1087.64,1070.92,7861347,,
11/15/18,1086.65,1092.64,1076.30,1086.55,1069.85,6896498,,
11/16/18,1087.64,1119.34,1086.80,1116.81,1099.65,11136460,,
11/19/18,1122.26,1140.89,1120.38,1139.20,1121.69,7378262,,
11/20/18,1134.25,1145.05,1119.39,1126.72,1109.40,5774119,,
11/21/18,1126.82,1134.74,1096.65,1102.45,1085.51,7578978,,
11/22/18,1104.03,1114.78,1089.77,1092.49,1075.70,5847475,,
11/26/18,1098.59,1107.01,1087.10,1099.33,1082.43,6447094,,
11/27/18,1097.50,1119.39,1095.07,1117.61,1100.43,6874782,,
11/28/18,1121.82,1146.88,1115.72,1141.83,1124.28,8079833,,
11/29/18,1150.10,1168.82,1149.11,1157.53,1139.74,12755947,,
11/30/18,1161.29,1174.86,1151.39,1156.59,1138.81,10819038,,
12/3/18,1163.87,1163.87,1137.72,1145.59,1127.98,5622372,,
12/4/18,1147.13,1147.13,1131.47,1141.48,1123.94,5242047,,
12/5/18,1133.01,1147.92,1128.60,1144.30,1126.72,5874782,,
12/6/18,1138.21,1138.21,1107.75,1113.10,1095.99,5921712,,
12/7/18,1118.84,1126.27,1097.94,1123.15,1105.89,7282460,,
12/10/18,1099.58,1103.84,1072.93,1080.01,1063.41,9470471,,
12/11/18,1055.99,1091.75,1045.09,1087.24,1070.53,13622580,,
12/12/18,1088.68,1103.04,1077.54,1100.07,1083.17,12724917,,
12/13/18,1117.41,1117.41,1084.77,1096.65,1079.80,9385649,,
12/14/18,1092.74,1104.43,1081.55,1101.76,1084.82,7289774,,
12/17/18,1105.47,1122.36,1101.06,1119.29,1102.09,5112362,,
12/18/18,1112.75,1128.30,1109.98,1125.73,1108.43,5926578,,
12/19/18,1130.78,1136.53,1122.56,1126.13,1108.82,7438647,,
12/20/18,1110.47,1121.87,1105.67,1117.85,1100.67,5819374,,
12/21/18,1114.44,1120.63,1085.71,1089.87,1073.12,8360445,,
12/24/18,1090.56,1092.84,1076.35,1078.92,1062.34,4183821,,
12/26/18,1075.60,1089.67,1055.64,1088.04,1071.31,7278403,,
12/27/18,1096.80,1116.42,1093.63,1109.68,1092.63,12596278,,
12/28/18,1114.93,1124.59,1110.67,1114.98,1097.84,7738682,,
12/31/18,1120.33,1123.20,1105.72,1110.72,1093.65,7291282,,
1/1/19,1114.68,1116.71,1099.68,1110.47,1093.41,4498087,,
1/2/19,1104.03,1116.42,1090.66,1096.01,1079.17,7212697,,
1/3/19,1097.10,1104.13,1079.86,1082.49,1065.85,7517041,,
1/4/19,1087.10,1094.08,1070.95,1088.33,1071.61,8545382,,
1/7/19,1096.61,1107.95,1090.66,1094.38,1077.56,5565822,,
1/8/19,1094.72,1099.53,1085.71,1094.28,1077.46,5678473,,
1/9/19,1101.56,1106.51,1088.38,1100.32,1083.41,5821468,,
1/10/19,1097.35,1100.57,1092.64,1097.10,1080.24,4118960,,
1/11/19,1097.20,1103.34,1078.38,1087.74,1071.02,6525174,,
1/14/19,1084.72,1090.17,1076.20,1086.50,1069.80,4150757,,
1/15/19,1094.62,1121.37,1094.62,1119.04,1101.84,10158260,,
1/16/19,1124.34,1134.25,1119.74,1125.23,1107.94,6443279,,
1/17/19,1133.70,1137.12,1119.39,1123.80,1106.53,7558941,,
1/18/19,1138.01,1178.73,1124.59,1173.23,1155.20,25927601,,
1/21/19,1182.79,1228.31,1177.49,1226.08,1207.23,22247437,,
1/22/19,1221.27,1235.24,1208.15,1223.55,1204.75,16709723,,
1/23/19,1221.72,1232.52,1210.53,1214.79,1196.12,8913196,,
1/24/19,1213.50,1241.43,1208.64,1235.74,1216.74,13279882,,
1/25/19,1238.71,1252.82,1223.80,1234.30,1215.33,8631889,,
1/28/19,1238.76,1244.16,1210.92,1218.00,1199.29,8650493,,
1/29/19,1219.44,1220.08,1190.07,1199.28,1180.85,9417294,,
1/30/19,1203.59,1213.50,1179.92,1184.47,1166.27,7921321,,
1/31/19,1190.71,1218.15,1189.72,1215.63,1196.94,10281893,,
2/1/19,1222.41,1243.22,1215.53,1238.21,1219.18,9316446,,
2/4/19,1235.29,1284.77,1230.39,1278.78,1259.12,11781195,,
2/5/19,1279.87,1292.15,1266.59,1279.42,1259.76,9451152,,
2/6/19,1284.08,1305.28,1282.10,1297.95,1278.00,9500797,,
2/7/19,1297.95,1308.79,1274.02,1278.28,1258.64,9299549,,
2/8/19,1272.74,1288.29,1260.30,1265.70,1246.25,6567167,,
2/11/19,1263.92,1264.02,1239.25,1241.48,1222.40,7595318,,
2/12/19,1239.75,1260.40,1239.75,1244.60,1225.47,6460145,,
2/14/19,1229.35,1229.35,1206.56,1212.70,1194.07,6690180,,
2/15/19,1218.20,1238.16,1202.60,1232.76,1213.82,9688940,,
2/18/19,1238.26,1240.74,1203.59,1208.64,1190.07,9740480,,
2/19/19,1206.56,1228.06,1199.83,1204.68,1186.17,6303377,,
2/20/19,1212.36,1228.36,1207.55,1222.76,1203.97,6357879,,
2/21/19,1224.39,1245.99,1217.81,1235.19,1216.21,10680467,,
2/22/19,1232.91,1233.61,1214.49,1220.78,1202.02,8838861,,
2/25/19,1224.39,1231.33,1209.19,1220.73,1201.97,7926962,,
2/26/19,1198.14,1223.21,1194.68,1208.79,1190.21,10227082,,
2/27/19,1216.52,1233.21,1197.65,1212.01,1193.38,11218523,,
2/28/19,1222.17,1228.21,1215.03,1219.49,1200.75,11393904,,
3/1/19,1225.38,1230.68,1210.77,1214.54,1195.87,7997610,,
3/5/19,1211.91,1228.16,1207.16,1226.03,1207.19,7189013,,
3/6/19,1228.16,1261.15,1223.50,1252.92,1233.67,12152341,,
3/7/19,1252.13,1267.78,1246.34,1258.32,1238.98,8186126,,
3/8/19,1254.16,1262.48,1250.15,1255.20,1235.91,6097305,,
3/11/19,1258.12,1299.68,1256.09,1291.85,1272.00,9810964,,
3/12/19,1304.53,1321.47,1301.91,1318.85,1298.58,11335173,,
3/13/19,1324.45,1347.23,1315.63,1334.65,1314.14,11342554,,
3/14/19,1337.08,1349.21,1323.55,1328.95,1308.53,10500649,,
3/15/19,1332.37,1346.04,1298.89,1309.24,1289.12,16043743,,
3/18/19,1318.50,1345.20,1316.52,1337.37,1316.82,10201021,,
3/19/19,1347.23,1367.04,1330.49,1363.62,1342.67,9898262,,
3/20/19,1364.86,1374.97,1351.19,1362.53,1341.59,9986597,,
3/22/19,1359.61,1367.93,1324.15,1329.15,1308.72,11573789,,
3/25/19,1318.11,1324.30,1304.34,1312.01,1291.85,8027368,,
3/26/19,1317.81,1358.72,1317.51,1354.41,1333.60,9569142,,
3/27/19,1365.01,1365.01,1331.63,1336.58,1316.04,10189856,,
3/28/19,1337.57,1356.94,1330.19,1347.23,1326.52,10582305,,
4/1/19,1357.14,1393.59,1349.76,1378.78,1357.59,10194002,,
4/2/19,1384.87,1389.92,1367.14,1376.65,1355.49,8088587,,
4/3/19,1379.67,1389.83,1359.12,1362.29,1341.35,7923866,,
4/4/19,1366.05,1370.71,1334.60,1340.34,1319.75,8455067,,
4/5/19,1348.17,1351.09,1330.39,1341.19,1320.57,6792015,,
4/8/19,1343.27,1344.75,1311.27,1316.77,1296.53,8806267,,
4/9/19,1316.42,1328.11,1308.60,1321.92,1301.60,9587648,,
4/10/19,1325.39,1335.34,1314.04,1318.90,1298.63,7684871,,
4/11/19,1320.43,1340.30,1316.52,1334.15,1313.65,5795755,,
4/12/19,1337.32,1344.16,1324.10,1330.49,1310.04,5975855,,
4/15/19,1332.37,1336.28,1322.46,1327.57,1307.16,4285366,,
4/16/19,1332.37,1347.23,1327.42,1331.13,1310.67,8011783,,
4/18/19,1362.09,1376.70,1352.18,1372.94,1351.84,18130729,,
4/22/19,1347.23,1354.16,1328.71,1332.72,1312.23,10895052,,
4/23/19,1335.34,1360.11,1333.36,1351.04,1330.28,9141135,,
4/24/19,1357.43,1381.70,1353.42,1376.45,1355.30,7430660,,
4/25/19,1376.06,1399.14,1349.81,1359.51,1338.62,14061860,,
4/26/19,1362.09,1382.84,1357.83,1379.72,1358.52,6954749,,
4/30/19,1383.29,1383.29,1353.97,1379.72,1358.52,10313866,,
5/2/19,1378.93,1400.62,1369.12,1391.86,1370.47,8764806,,
5/3/19,1394.73,1404.19,1389.48,1395.62,1374.17,6571878,,
5/6/19,1384.87,1389.63,1365.16,1371.90,1350.81,7306518,,
5/7/19,1381.70,1381.90,1327.62,1330.88,1310.43,8961240,,
5/8/19,1327.42,1327.42,1280.07,1287.25,1267.46,14749036,,
5/9/19,1276.70,1276.70,1240.00,1244.65,1225.52,19692278,,
5/10/19,1253.12,1265.70,1233.31,1239.40,1220.35,11333250,,
5/13/19,1236.18,1248.96,1215.97,1220.48,1201.72,8124086,,
5/14/19,1224.89,1257.43,1219.94,1248.61,1229.42,13124240,,
5/15/19,1261.05,1266.00,1238.86,1245.10,1225.96,11269622,,
5/16/19,1248.12,1259.96,1246.29,1253.47,1234.20,6669276,,
5/17/19,1255.10,1264.96,1240.24,1255.50,1236.20,7973309,,
5/20/19,1301.27,1325.14,1291.26,1313.45,1293.26,12450850,,
5/21/19,1319.69,1354.16,1317.56,1327.22,1306.82,14003548,,
5/22/19,1333.01,1346.93,1322.56,1327.81,1307.41,11394393,,
5/23/19,1359.12,1378.93,1312.56,1321.37,1301.07,17890505,,
5/24/19,1335.34,1341.09,1304.14,1324.30,1303.94,10277262,,
5/27/19,1324.54,1324.94,1294.73,1298.34,1278.39,7419387,,
5/28/19,1307.41,1322.27,1301.02,1311.32,1291.17,19657240,,
5/29/19,1308.60,1320.78,1291.90,1300.72,1280.73,7180252,,
5/30/19,1303.89,1329.40,1303.89,1317.26,1297.02,10842653,,
5/31/19,1325.34,1329.30,1307.80,1317.66,1297.41,11871652,,
6/3/19,1322.46,1354.41,1308.79,1347.43,1326.72,8564026,,
6/4/19,1344.70,1361.35,1335.44,1338.96,1318.38,7126831,,
6/6/19,1349.11,1349.11,1308.69,1314.89,1294.68,7736969,,
6/7/19,1313.50,1314.79,1293.34,1302.55,1282.53,6794394,,
6/10/19,1308.50,1314.54,1297.80,1306.76,1286.68,5431146,,
6/11/19,1309.44,1321.97,1305.62,1316.67,1296.43,5303590,,
6/12/19,1322.17,1325.83,1312.56,1319.64,1299.36,4752340,,
6/13/19,1317.51,1322.17,1296.36,1314.79,1294.58,7239164,,
6/14/19,1309.49,1312.56,1297.10,1305.18,1285.12,6896085,,
6/17/19,1307.61,1307.61,1266.49,1270.26,1250.74,6880158,,
6/18/19,1266.89,1275.86,1257.18,1268.97,1249.47,7751984,,
6/19/19,1274.82,1289.77,1250.74,1265.36,1245.91,6688408,,
6/20/19,1267.98,1287.79,1266.00,1284.57,1264.83,4960591,,
6/21/19,1283.78,1283.83,1263.57,1267.49,1248.01,10723794,,
6/24/19,1260.20,1264.46,1245.30,1250.55,1231.33,5199824,,
6/25/19,1247.08,1285.81,1242.47,1283.68,1263.95,6907221,,
6/26/19,1278.88,1292.35,1274.27,1282.00,1262.29,5350180,,
6/27/19,1281.01,1284.72,1259.07,1262.19,1242.79,11493899,,
6/28/19,1265.11,1270.80,1236.93,1241.33,1222.26,8741806,,
7/1/19,1246.24,1260.70,1234.75,1256.94,1237.62,6220490,,
7/2/19,1261.99,1268.97,1251.44,1266.49,1247.03,4682721,,
7/3/19,1270.85,1274.42,1263.08,1270.51,1250.98,4064194,,
7/4/19,1269.37,1278.88,1267.98,1271.94,1252.39,4315672,,
7/5/19,1273.03,1278.38,1248.17,1251.49,1232.25,5042694,,
7/8/19,1246.19,1256.19,1236.48,1240.29,1221.23,6465252,,
7/9/19,1237.22,1271.45,1233.80,1268.08,1248.59,8092747,,
7/10/19,1268.03,1277.24,1256.79,1266.84,1247.37,5546395,,
7/11/19,1274.92,1277.69,1267.29,1269.52,1250.01,3972764,,
7/12/19,1270.95,1287.79,1266.05,1268.48,1248.98,7242056,,
7/15/19,1272.93,1277.39,1258.42,1264.12,1244.69,4919356,,
7/16/19,1267.93,1282.74,1265.06,1280.86,1261.17,4647660,,
7/17/19,1282.15,1284.82,1267.98,1269.81,1250.30,4376049,,
7/18/19,1269.96,1274.32,1246.19,1250.00,1230.79,5511650,,
7/19/19,1256.29,1261.00,1231.03,1237.27,1218.26,7539309,,
7/22/19,1239.25,1272.44,1215.78,1268.48,1248.98,13426225,,
7/23/19,1272.93,1281.75,1248.56,1261.59,1242.20,9375991,,
7/24/19,1261.54,1266.79,1241.78,1247.28,1228.11,7009804,,
7/25/19,1252.13,1257.13,1215.48,1219.94,1201.19,10063036,,
7/26/19,1219.94,1230.83,1198.64,1202.40,1183.92,9408829,,
7/29/19,1205.47,1210.53,1193.78,1199.58,1181.14,8134417,,
7/30/19,1202.55,1208.54,1164.91,1169.81,1151.83,9623710,,
7/31/19,1164.71,1173.87,1151.49,1155.30,1137.54,9797618,,
8/1/19,1152.48,1177.04,1139.55,1169.17,1151.20,10442920,,
8/2/19,1164.66,1187.00,1151.19,1173.23,1161.59,10968377,,
8/5/19,1156.04,1156.04,1117.41,1132.61,1121.38,14029195,,
8/6/19,1124.09,1138.81,1111.46,1117.71,1106.62,13414874,,
8/7/19,1115.92,1127.86,1092.74,1098.98,1088.08,11698729,,
8/8/19,1097.94,1147.13,1085.02,1141.53,1130.21,14398134,,
8/9/19,1150.94,1164.46,1141.48,1151.19,1139.77,10139155,,
8/13/19,1221.57,1290.57,1214.49,1262.78,1250.26,48377710,,
8/14/19,1291.76,1292.20,1268.33,1276.15,1263.50,14624460,,
8/16/19,1279.08,1279.67,1261.05,1266.00,1253.45,10142736,,
8/19/19,1269.02,1284.62,1267.98,1280.46,1267.77,7530571,,
8/20/19,1277.69,1280.46,1260.65,1263.97,1251.44,6908329,,
8/21/19,1263.67,1266.64,1254.61,1259.02,1246.53,4927825,,
8/22/19,1259.02,1259.07,1227.27,1235.04,1222.80,6475744,,
8/23/19,1227.37,1271.94,1214.98,1263.87,1251.34,9833599,,
8/26/19,1281.85,1281.85,1247.18,1254.90,1242.46,8861952,,
8/27/19,1272.93,1272.93,1249.36,1262.88,1250.36,13107475,,
8/28/19,1261.79,1268.97,1244.26,1251.44,1239.03,5355931,,
8/29/19,1244.65,1248.42,1223.70,1230.09,1217.89,8717834,,
8/30/19,1233.80,1242.62,1209.53,1236.83,1224.56,11415309,,
9/3/19,1230.59,1231.33,1188.73,1195.07,1183.22,8644177,,
9/4/19,1189.28,1193.93,1174.91,1189.87,1178.07,15206140,,
9/5/19,1195.47,1201.81,1182.09,1187.35,1175.57,10612413,,
9/6/19,1191.70,1217.46,1184.03,1211.02,1199.01,10700713,,
9/9/19,1209.19,1221.42,1201.76,1210.72,1198.72,5421667,,
9/11/19,1211.02,1228.36,1211.02,1222.81,1210.68,5597024,,
9/12/19,1223.40,1228.80,1194.38,1198.98,1187.10,5482620,,
9/13/19,1200.62,1216.96,1195.57,1214.09,1202.05,5975368,,
9/16/19,1177.84,1207.65,1174.96,1199.38,1187.49,9482774,,
9/17/19,1199.63,1199.63,1182.29,1186.21,1174.44,7218213,,
9/18/19,1193.64,1204.88,1185.96,1194.38,1182.53,6891996,,
9/19/19,1196.51,1198.34,1161.64,1167.98,1156.40,6353109,,
9/20/19,1176.80,1257.98,1163.27,1242.57,1230.25,22228398,,
9/23/19,1262.19,1268.97,1223.40,1227.56,1215.39,9973401,,
9/24/19,1231.92,1286.60,1231.08,1266.69,1254.13,16133561,,
9/25/19,1271.94,1282.84,1256.94,1267.54,1254.97,8395729,,
9/26/19,1279.87,1286.60,1271.45,1284.62,1271.88,8468733,,
9/27/19,1280.36,1302.65,1271.94,1296.76,1283.90,8795570,,
9/30/19,1297.70,1323.21,1293.29,1319.74,1306.65,11659226,,
10/1/19,1324.45,1329.40,1281.16,1292.65,1279.83,8270254,,
10/3/19,1273.92,1302.35,1269.27,1298.74,1285.86,6241716,,
10/4/19,1307.51,1316.12,1291.61,1295.82,1282.97,6918922,,
10/7/19,1295.82,1308.40,1289.48,1297.80,1284.93,4643419,,
10/9/19,1296.41,1317.46,1280.36,1312.31,1299.30,8117158,,
10/10/19,1312.56,1356.15,1308.60,1349.95,1336.57,16155443,,
10/11/19,1350.89,1352.78,1324.00,1339.90,1326.61,7659571,,
10/14/19,1352.13,1352.13,1338.17,1345.25,1331.91,6181455,,
10/15/19,1349.71,1357.14,1341.58,1351.34,1337.94,4463991,,
10/16/19,1357.04,1366.70,1350.89,1359.46,1345.98,8954786,,
10/17/19,1362.09,1385.86,1359.12,1383.39,1369.67,7401968,,
10/18/19,1390.82,1414.49,1385.57,1403.05,1389.14,12978275,,
10/22/19,1411.62,1423.36,1390.17,1400.87,1386.98,12823466,,
10/23/19,1403.00,1412.56,1370.16,1379.33,1365.65,8512900,,
10/24/19,1387.84,1427.87,1373.53,1422.96,1408.85,10449504,,
10/25/19,1427.57,1427.91,1398.00,1417.76,1403.70,6248688,,
10/27/19,1427.47,1431.43,1416.57,1420.78,1406.69,1391348,,
10/29/19,1431.93,1466.10,1428.56,1453.27,1438.86,11892161,,
10/30/19,1466.10,1470.61,1446.59,1465.21,1450.68,7541537,,
10/31/19,1470.07,1475.66,1447.97,1450.60,1436.22,8982513,,
11/1/19,1441.34,1448.07,1427.47,1443.22,1428.91,6416833,,
11/4/19,1452.14,1457.19,1431.53,1443.96,1429.64,6490272,,
11/5/19,1449.36,1455.16,1427.47,1433.71,1419.49,5854289,,
11/6/19,1429.15,1432.87,1415.09,1421.43,1407.33,6749668,,
11/7/19,1421.53,1449.26,1418.75,1444.90,1430.58,6499781,,
11/8/19,1435.39,1445.94,1427.77,1431.93,1417.73,5546929,,
11/11/19,1425.59,1430.69,1409.19,1414.39,1400.37,5241641,,
11/13/19,1416.57,1462.04,1416.57,1458.48,1444.01,11641679,,
11/14/19,1462.14,1467.69,1442.13,1449.01,1434.65,6580126,,
11/15/19,1451.89,1472.84,1449.41,1457.04,1442.59,7241673,,
11/18/19,1458.82,1472.05,1441.73,1445.50,1431.16,6496095,,
11/19/19,1453.22,1500.68,1451.24,1495.57,1480.74,13926337,,
11/20/19,1540.45,1557.64,1528.71,1533.12,1517.91,20092835,,
11/21/19,1530.49,1541.39,1514.20,1523.16,1508.06,6875134,,
11/22/19,1527.62,1554.76,1523.16,1531.98,1516.79,10315843,,
11/25/19,1536.58,1550.11,1536.44,1546.89,1531.55,6989948,,
11/26/19,1553.38,1561.55,1541.39,1545.60,1530.27,16305243,,
11/27/19,1545.30,1560.71,1541.49,1555.11,1539.69,4450122,,
11/28/19,1557.88,1569.27,1549.26,1565.46,1549.94,6344459,,
11/29/19,1567.10,1567.10,1533.32,1536.58,1521.35,8565249,,
12/2/19,1584.98,1599.29,1562.19,1571.60,1556.02,14410500,,
12/3/19,1577.79,1579.03,1557.83,1564.07,1548.56,5995079,,
12/4/19,1558.23,1562.69,1519.35,1538.12,1522.87,9685777,,
12/5/19,1559.22,1564.92,1529.50,1536.29,1521.05,9203442,,
12/6/19,1538.42,1553.28,1526.63,1540.30,1525.03,6038833,,
12/9/19,1541.54,1562.59,1531.98,1557.83,1542.39,5834593,,
12/10/19,1557.29,1558.82,1539.56,1547.28,1531.94,4694991,,
12/11/19,1540.99,1559.72,1536.04,1547.73,1532.38,5706279,,
12/12/19,1555.51,1559.07,1542.03,1553.47,1538.07,4765727,,
12/13/19,1565.16,1575.07,1557.64,1568.04,1552.49,5846419,,
12/16/19,1577.05,1578.93,1549.66,1551.89,1536.50,5488487,,
12/17/19,1552.04,1564.17,1540.94,1548.03,1532.68,9379800,,
12/18/19,1548.32,1565.16,1547.33,1561.05,1545.57,6803466,,
12/19/19,1558.92,1599.74,1557.04,1594.83,1579.02,9464354,,
12/20/19,1599.84,1602.36,1581.11,1584.08,1568.38,9816798,,
12/23/19,1545.45,1562.74,1543.17,1556.64,1541.21,11587233,,
12/24/19,1554.17,1557.29,1528.02,1531.93,1516.74,8329356,,
12/26/19,1527.17,1538.37,1495.97,1501.17,1486.28,13734705,,
12/27/19,1512.66,1531.68,1507.02,1527.87,1512.72,8158196,,
12/30/19,1531.43,1533.12,1513.70,1529.70,1514.53,7902607,,
12/31/19,1527.52,1529.20,1493.89,1499.83,1484.96,10246683,,
1/1/20,1503.75,1512.76,1491.36,1495.42,1480.60,6463060,,
1/2/20,1497.80,1526.48,1497.80,1520.88,1505.80,8173308,,
1/3/20,1518.61,1527.17,1508.70,1522.72,1507.62,9684434,,
1/6/20,1505.73,1513.55,1483.93,1487.40,1472.65,11315596,,
1/7/20,1504.74,1520.09,1499.29,1510.28,1495.31,7699489,,
1/8/20,1500.77,1520.04,1495.82,1498.94,1484.08,7406104,,
1/9/20,1524.15,1535.45,1516.87,1533.46,1518.26,6914533,,
1/10/20,1537.33,1543.32,1525.19,1533.12,1517.91,5758760,,
1/13/20,1530.54,1544.06,1523.95,1529.20,1514.04,8437316,,
1/14/20,1525.54,1535.45,1507.56,1515.04,1500.02,7299328,,
1/15/20,1521.43,1525.44,1503.99,1509.54,1494.57,7299939,,
1/16/20,1514.64,1528.86,1513.65,1523.46,1508.35,5929338,,
1/17/20,1538.91,1570.07,1538.62,1566.15,1550.62,13597387,,
1/20/20,1593.89,1593.89,1512.07,1517.96,1502.91,15019904,,
1/21/20,1514.25,1531.33,1507.71,1519.50,1504.43,8732832,,
1/22/20,1529.50,1532.23,1516.72,1518.95,1503.89,4763978,,
1/23/20,1522.07,1527.47,1506.42,1512.51,1497.51,5190829,,
1/24/20,1512.66,1521.92,1504.29,1507.26,1492.32,6751025,,
1/27/20,1500.68,1510.14,1490.87,1492.40,1477.60,6178444,,
1/28/20,1494.43,1495.82,1449.86,1457.93,1443.47,11321622,,
1/29/20,1460.21,1480.37,1450.30,1465.95,1451.42,11420535,,
1/30/20,1465.11,1465.81,1426.48,1430.19,1416.01,10338837,,
1/31/20,1439.36,1439.60,1393.99,1398.39,1384.53,16037262,,
2/3/20,1357.04,1386.80,1350.25,1372.49,1358.88,14173717,,
2/4/20,1386.85,1419.05,1384.67,1413.01,1398.99,11714666,,
2/5/20,1421.43,1439.16,1416.87,1434.90,1420.67,8524871,,
2/6/20,1440.45,1453.22,1426.58,1444.11,1429.79,7171051,,
2/7/20,1437.38,1438.71,1414.89,1420.19,1406.11,5634549,,
2/10/20,1414.59,1431.93,1397.21,1422.12,1408.02,6988250,,
2/11/20,1433.81,1452.43,1431.48,1439.11,1424.84,6460912,,
2/12/20,1442.48,1461.00,1441.34,1456.49,1442.05,6245738,,
2/13/20,1463.87,1463.87,1448.87,1460.31,1445.83,6260549,,
2/14/20,1463.38,1487.35,1439.46,1473.63,1459.02,9796645,,
2/17/20,1475.02,1492.01,1460.46,1464.37,1449.85,6068321,,
2/18/20,1462.04,1462.04,1443.71,1453.62,1439.21,5135183,,
2/19/20,1465.46,1492.30,1461.25,1489.68,1474.91,6499952,,
2/20/20,1482.94,1493.84,1469.87,1472.00,1457.40,7795779,,
2/24/20,1455.95,1463.13,1426.03,1431.38,1417.19,9862350,,
2/25/20,1437.77,1437.77,1396.76,1403.10,1389.19,12804341,,
2/26/20,1396.76,1399.09,1374.32,1378.93,1365.26,13550903,,
2/27/20,1374.97,1380.71,1356.15,1373.23,1359.62,11562875,,
2/28/20,1342.18,1344.26,1312.56,1316.17,1303.12,18144221,,
3/2/20,1342.38,1356.15,1288.88,1303.79,1290.86,13614473,,
3/3/20,1317.21,1341.19,1309.59,1330.24,1317.05,12644541,,
3/4/20,1339.30,1341.09,1295.62,1327.12,1313.96,10201574,,
3/5/20,1339.50,1345.20,1293.74,1298.84,1285.96,14080540,,
3/6/20,1258.07,1276.05,1229.45,1259.07,1246.58,15568253,,
3/9/20,1228.41,1229.35,1084.72,1103.69,1092.74,40698294,,
3/11/20,1097.60,1167.38,1097.60,1142.72,1131.39,27495503,,
3/12/20,1074.81,1090.66,1038.85,1053.02,1042.58,25830369,,
3/13/20,988.63,1129.30,933.55,1094.92,1084.06,33826739,,
3/16/20,1050.59,1069.56,995.56,1006.16,996.19,17759556,,
3/17/20,1037.42,1050.05,993.78,998.53,988.63,20973312,,
3/18/20,1015.67,1026.17,951.98,959.41,949.89,20643079,,
3/19/20,911.46,957.92,883.82,909.08,900.07,28337941,,
3/20/20,930.68,1025.18,921.27,1008.39,998.39,29240849,,
3/23/20,907.60,941.08,867.43,875.75,867.06,18769636,,
3/24/20,921.27,960.89,887.39,934.54,925.27,21106643,,
3/25/20,954.75,1140.74,954.21,1072.09,1061.46,33749620,,
3/26/20,1085.51,1106.41,1032.56,1056.19,1045.71,21111073,,
3/27/20,1084.72,1096.90,1036.38,1055.59,1045.13,19225132,,
3/30/20,1030.83,1064.71,1010.42,1020.77,1010.65,13951078,,
3/31/20,1063.87,1119.19,1038.16,1103.29,1092.35,20441125,,
4/1/20,1111.71,1114.04,1035.39,1070.30,1059.69,19197220,,
4/3/20,1123.80,1123.80,1046.38,1067.33,1056.75,19091236,,
4/7/20,1091.75,1202.60,1089.67,1194.77,1182.93,25093419,,
4/8/20,1168.92,1217.46,1149.11,1180.96,1169.24,23019764,,
4/9/20,1202.60,1221.22,1181.80,1208.49,1196.51,15244658,,
4/13/20,1192.64,1203.59,1168.92,1177.98,1166.30,10925447,,
4/15/20,1185.81,1224.39,1132.27,1139.05,1127.76,16301024,,
4/16/20,1139.05,1176.30,1134.25,1157.08,1145.61,17285802,,
4/17/20,1204.58,1218.45,1181.45,1212.51,1200.48,15353792,,
4/20/20,1214.49,1245.20,1190.71,1232.12,1219.90,16628269,,
4/21/20,1198.64,1240.24,1153.07,1225.73,1213.58,28322996,,
4/22/20,1307.61,1371.90,1287.79,1350.80,1337.40,65848350,,
4/23/20,1354.51,1372.84,1340.59,1358.03,1344.56,30211857,,
4/24/20,1337.47,1480.91,1334.55,1403.69,1389.77,62296159,,
4/27/20,1420.53,1461.15,1409.64,1416.32,1402.28,26989849,,
4/28/20,1436.38,1441.78,1379.08,1414.74,1400.71,36206232,,
4/29/20,1431.33,1440.00,1406.67,1413.55,1399.53,17303785,,
4/30/20,1440.30,1480.91,1424.55,1452.23,1437.83,32926121,,
5/4/20,1426.48,1451.24,1404.14,1421.72,1407.63,24670336,,
5/5/20,1440.05,1465.11,1433.61,1446.93,1432.59,20723079,,
5/6/20,1450.25,1471.01,1431.93,1447.03,1432.68,18685710,,
5/7/20,1441.34,1499.44,1431.43,1492.80,1478.00,23087436,,
5/8/20,1530.49,1565.06,1522.67,1547.13,1531.79,38887255,,
5/11/20,1565.16,1599.84,1557.54,1561.99,1546.50,30959745,,
5/12/20,1550.11,1553.62,1451.24,1465.36,1450.83,46465281,,
5/13/20,1527.00,1527.00,1454.00,1496.45,1481.61,30657492,,
5/14/20,1469.00,1496.70,1430.05,1435.95,1421.71,22736607,,
5/15/20,1444.00,1466.70,1415.10,1459.40,1444.93,28683258,,
5/18/20,1470.00,1482.00,1428.00,1440.75,1426.46,28980385,,
5/19/20,1457.00,1461.70,1403.25,1408.90,1394.93,19528760,,
5/20/20,1410.00,1446.85,1393.00,1433.70,1419.48,25530626,,
5/21/20,1435.00,1461.45,1425.00,1441.25,1426.96,18076017,,
5/22/20,1451.80,1458.00,1426.50,1431.55,1417.35,17458065,,
5/26/20,1448.15,1449.70,1416.30,1424.05,1409.93,15329472,,
5/27/20,1431.00,1454.00,1412.00,1445.55,1431.22,16460756,,
5/28/20,1455.00,1479.75,1449.00,1472.25,1457.65,18518271,,
5/29/20,1468.00,1472.00,1452.65,1464.40,1449.88,18470390,,
6/1/20,1480.00,1538.35,1475.95,1520.35,1505.27,18434012,,
6/2/20,1526.00,1540.00,1520.80,1535.70,1520.47,10224049,,
6/3/20,1545.00,1560.00,1533.35,1541.65,1526.36,11713461,,
6/4/20,1544.00,1589.50,1541.00,1579.80,1564.13,15784379,,
6/5/20,1595.00,1618.00,1573.70,1581.70,1566.02,15264885,,
6/8/20,1618.40,1618.40,1565.00,1569.50,1553.94,14497996,,
6/9/20,1560.30,1583.00,1533.00,1537.15,1521.91,11933076,,
6/10/20,1543.10,1579.55,1540.05,1572.15,1556.56,10214213,,
6/11/20,1566.00,1567.95,1531.00,1537.70,1522.45,9408046,,
6/12/20,1500.00,1593.00,1497.00,1588.80,1573.05,17790311,,
6/15/20,1565.00,1626.95,1561.10,1614.55,1598.54,24509058,,
6/16/20,1643.00,1648.55,1585.30,1617.70,1601.66,23622794,,
6/17/20,1608.25,1635.45,1602.10,1615.35,1599.33,19282411,,
6/18/20,1607.00,1665.00,1605.60,1655.90,1639.48,18677617,,
6/19/20,1670.00,1788.80,1662.00,1759.40,1741.95,48828609,,
6/22/20,1773.40,1804.20,1735.00,1746.15,1728.83,27781693,,
6/23/20,1750.00,1763.75,1716.10,1720.90,1703.84,17519493,,
6/24/20,1735.90,1772.70,1711.70,1727.85,1710.72,23807033,,
6/25/20,1727.00,1749.00,1713.05,1717.90,1700.86,18312025,,
6/26/20,1728.80,1752.00,1717.00,1741.65,1724.38,14270458,,
6/29/20,1728.05,1739.75,1715.55,1723.15,1706.06,11824524,,
6/30/20,1737.00,1741.00,1695.55,1704.10,1687.20,13972563,,
7/1/20,1720.00,1749.00,1708.05,1737.60,1720.37,13136179,,
7/2/20,1743.00,1767.60,1735.05,1760.35,1749.44,13286365,,
7/3/20,1779.80,1793.00,1768.00,1787.90,1776.82,13583909,,
7/6/20,1805.00,1858.00,1792.10,1851.80,1840.32,21697962,,
7/7/20,1860.00,1864.35,1806.30,1823.45,1812.15,16239990,,
7/8/20,1824.05,1834.95,1790.00,1798.00,1786.85,12093186,,
7/9/20,1809.00,1835.00,1786.25,1824.25,1812.94,16807336,,
7/10/20,1828.50,1884.60,1824.25,1878.05,1866.41,20195218,,
7/13/20,1903.35,1947.70,1900.00,1935.00,1923.01,32124262,,
7/14/20,1934.00,1941.70,1887.30,1917.00,1905.12,31073305,,
7/15/20,1937.95,1978.80,1798.00,1844.00,1832.57,64457578,,
7/16/20,1847.00,1869.00,1812.45,1843.40,1831.97,28133826,,
7/17/20,1845.00,1920.00,1838.00,1911.70,1899.85,22948894,,
7/20/20,1917.80,1932.00,1899.65,1919.90,1908.00,16887635,,
7/21/20,1939.00,1977.00,1936.50,1971.55,1959.33,19463004,,
7/22/20,1983.00,2010.00,1960.70,2004.00,1991.58,27584518,,
7/23/20,2003.95,2079.70,1991.35,2057.80,2045.04,26921017,,
7/24/20,2058.00,2163.00,2057.80,2146.15,2132.85,55655668,,
7/27/20,2178.80,2198.80,2127.90,2156.20,2142.83,37060665,,
7/28/20,2156.20,2194.00,2150.65,2177.70,2164.20,25435297,,
7/29/20,2177.90,2182.80,2070.45,2096.65,2083.65,33534147,,
7/30/20,2099.00,2139.70,2072.00,2108.85,2095.78,33623699,,
7/31/20,2114.50,2129.00,2052.80,2067.10,2054.29,34593133,,
8/3/20,2051.30,2057.00,2003.10,2009.00,1996.55,21559142,,
8/4/20,2020.60,2167.00,2000.25,2150.60,2137.27,42476932,,
8/5/20,2169.00,2196.00,2118.30,2126.45,2113.27,34404810,,
8/6/20,2157.00,2167.70,2107.80,2134.10,2120.87,22762545,,
8/7/20,2129.80,2157.80,2120.20,2146.45,2133.15,15222303,,
8/10/20,2159.10,2165.00,2108.10,2119.85,2106.71,12441573,,
8/11/20,2134.80,2160.00,2100.35,2133.80,2120.57,21611256,,
8/12/20,2121.00,2145.00,2106.80,2127.60,2114.41,13967116,,
8/13/20,2128.00,2138.90,2110.00,2122.05,2108.90,11459190,,
8/14/20,2122.55,2157.00,2089.25,2113.80,2100.70,15333164,,
8/17/20,2105.00,2105.00,2070.10,2091.35,2078.39,14296834,,
8/18/20,2085.00,2134.30,2082.35,2118.55,2105.42,14097746,,
8/19/20,2141.00,2154.00,2121.35,2131.55,2118.34,15731396,,
8/20/20,2120.00,2123.90,2088.00,2097.05,2084.05,10401212,,
8/21/20,2118.00,2122.00,2077.00,2081.85,2068.95,11667129,,
8/24/20,2091.40,2104.50,2070.50,2095.75,2082.76,15098991,,
8/25/20,2106.00,2111.30,2078.00,2082.10,2069.19,8947563,,
8/26/20,2085.00,2147.95,2047.00,2137.30,2124.05,27630190,,
8/27/20,2148.00,2150.00,2103.25,2110.60,2097.52,12961252,,
8/28/20,2120.00,2132.90,2106.25,2116.15,2103.03,12537520,,
8/31/20,2174.00,2174.00,2060.35,2080.70,2067.80,28648125,,
9/1/20,2100.00,2122.40,2062.40,2087.25,2074.31,17821397,,
9/2/20,2092.00,2138.00,2085.00,2128.20,2115.01,12437162,,
9/3/20,2128.00,2138.75,2103.00,2112.10,2099.01,8577634,,
9/4/20,2083.55,2096.95,2072.20,2077.25,2064.37,13141644,,
9/7/20,2084.00,2105.75,2044.25,2082.65,2069.74,10119064,,
9/8/20,2092.00,2121.00,2080.50,2107.10,2094.04,12643749,,
9/9/20,2085.00,2167.80,2081.45,2161.35,2147.95,25525961,,
9/10/20,2183.10,2344.95,2175.35,2314.00,2299.66,64750460,,
9/11/20,2312.00,2337.85,2287.10,2319.75,2305.37,27445768,,
9/14/20,2325.00,2360.00,2282.00,2302.55,2288.28,20335273,,
9/15/20,2311.95,2325.75,2288.15,2318.85,2304.48,12542824,,
9/16/20,2320.00,2369.35,2310.55,2324.55,2310.14,15668979,,
9/17/20,2320.00,2333.70,2291.85,2298.75,2284.50,11919927,,
9/18/20,2314.25,2319.45,2276.55,2305.70,2291.41,15264068,,
9/21/20,2300.00,2336.00,2247.35,2255.85,2241.87,15519031,,
9/22/20,2277.00,2277.00,2201.55,2211.15,2197.44,16056620,,
9/23/20,2260.00,2276.75,2205.30,2230.80,2216.97,19839282,,
9/24/20,2207.90,2226.00,2176.05,2181.20,2167.68,13764841,,
9/25/20,2189.00,2212.80,2167.30,2201.70,2188.05,13095028,,
9/28/20,2227.00,2238.00,2207.05,2216.25,2202.51,9076248,,
9/29/20,2225.00,2264.00,2216.25,2245.05,2231.13,11926328,,
9/30/20,2260.00,2267.00,2225.00,2234.35,2220.50,11290667,,
10/1/20,2263.80,2263.80,2214.00,2225.25,2211.46,9591456,,
10/5/20,2244.00,2249.15,2206.00,2212.20,2198.49,8732869,,
10/6/20,2225.25,2233.90,2201.65,2210.35,2196.65,8497216,,
10/7/20,2235.00,2309.00,2220.00,2257.50,2243.51,24538346,,
10/8/20,2259.00,2268.00,2222.10,2239.25,2225.37,9727405,,
10/9/20,2235.00,2253.00,2217.10,2233.45,2219.61,8558745,,
10/12/20,2235.00,2255.75,2226.25,2237.05,2223.18,6565515,,
10/13/20,2230.60,2285.75,2225.85,2280.70,2266.56,10666190,,
10/14/20,2278.90,2304.00,2268.50,2287.50,2273.32,12341434,,
10/15/20,2290.00,2290.00,2195.00,2206.50,2192.82,9246702,,
10/16/20,2215.00,2232.50,2172.65,2175.80,2162.31,9960828,,
10/19/20,2190.05,2228.70,2155.15,2176.20,2162.71,14398973,,
10/20/20,2179.00,2193.00,2152.25,2155.90,2142.54,8529573,,
10/21/20,2168.00,2192.00,2097.75,2124.60,2111.43,15728986,,
10/22/20,2127.40,2132.50,2091.00,2106.95,2093.89,14215215,,
10/23/20,2106.00,2135.00,2096.40,2113.05,2099.95,10809307,,
10/26/20,2101.95,2101.95,2018.50,2029.10,2016.52,17225212,,
10/27/20,2034.90,2059.85,2005.00,2034.50,2021.89,16835005,,
10/28/20,2041.80,2057.70,2007.40,2011.45,1998.98,13809929,,
10/29/20,1997.00,2042.00,1991.00,2026.90,2014.34,14147418,,
10/30/20,2033.50,2065.10,2021.80,2054.50,2041.76,15700946,,
11/2/20,2027.00,2027.00,1859.15,1877.45,1865.81,45857806,,
11/3/20,1890.00,1909.00,1835.10,1850.40,1838.93,40931170,,
11/4/20,1837.00,1929.00,1837.00,1913.20,1901.34,37003111,,
11/5/20,1954.95,1960.95,1932.00,1955.00,1942.88,17170274,,
11/6/20,1990.00,2040.00,1978.15,2029.15,2016.57,30770080,,
11/9/20,2062.10,2069.00,2036.00,2050.70,2037.99,16539467,,
11/10/20,2077.00,2090.00,2041.20,2084.55,2071.63,17045147,,
11/11/20,2089.00,2095.00,1978.10,1997.20,1984.82,26178477,,
11/12/20,1981.00,2008.45,1965.00,1980.00,1967.73,18481466,,
11/13/20,1982.00,2036.65,1981.75,1996.40,1984.03,20946864,,
11/14/20,2014.90,2015.30,1995.35,2002.30,1989.89,2411900,,
11/17/20,2085.00,2085.00,1985.00,1993.25,1980.89,21479385,,
11/18/20,1993.25,2006.50,1960.10,1987.20,1974.88,14030652,,
11/19/20,1987.20,2010.45,1968.20,1973.15,1960.92,12828008,,
11/20/20,1975.00,1983.80,1895.00,1899.50,1887.73,26522972,,
11/23/20,1951.00,1970.00,1926.25,1950.70,1938.61,20918665,,
11/24/20,1964.00,1974.00,1932.00,1964.05,1951.88,14277083,,
11/25/20,1980.00,1992.95,1942.20,1947.80,1935.73,15062376,,
11/26/20,1953.05,1965.00,1930.05,1952.60,1940.50,11924527,,
11/27/20,1940.50,1956.10,1921.40,1929.80,1917.84,21845931,,
12/1/20,1940.35,1966.25,1930.05,1954.90,1942.78,9114939,,
12/2/20,1958.50,1962.00,1935.00,1958.15,1946.01,10240168,,
12/3/20,1972.00,1981.10,1958.65,1964.05,1951.88,12822945,,
12/4/20,1969.00,1969.00,1940.00,1946.75,1934.68,8521388,,
12/7/20,1940.60,1965.00,1940.60,1958.20,1946.06,8418767,,
12/8/20,1961.15,2014.25,1950.00,1993.75,1981.39,20030506,,
12/9/20,2009.95,2033.80,1999.25,2026.95,2014.39,13464375,,
12/10/20,2021.60,2028.50,2001.00,2007.00,1994.56,7414229,,
12/11/20,2013.00,2038.00,1974.25,2005.80,1993.37,12434745,,
12/14/20,2007.95,2015.00,1986.35,1991.30,1978.96,7989830,,
12/15/20,1989.70,1989.70,1961.10,1974.35,1962.11,8561406,,
12/16/20,1988.00,1994.95,1965.70,1976.55,1964.30,8565904,,
12/17/20,1984.50,2005.00,1977.15,1985.60,1973.29,9346460,,
12/18/20,1980.10,2004.90,1965.00,1991.55,1979.21,8522215,,
12/21/20,2010.00,2022.00,1855.25,1939.70,1927.68,20368545,,
12/22/20,1949.00,1958.90,1888.45,1936.70,1924.69,12986606,,
12/23/20,1930.00,1951.45,1920.65,1943.85,1931.80,8999898,,
12/24/20,1947.00,1998.80,1945.90,1994.15,1981.79,9588577,,
12/28/20,2006.70,2018.00,1995.30,2003.30,1990.88,7947719,,
12/29/20,2009.00,2012.30,1982.55,1990.05,1977.71,8589407,,
12/30/20,1995.25,2007.20,1975.55,1995.50,1983.13,10173132,,
12/31/20,1993.50,2011.90,1978.60,1985.30,1972.99,8667516,,
1/1/21,1988.00,1997.00,1982.00,1987.50,1975.18,4622002,,
1/4/21,1995.10,1998.90,1968.00,1990.85,1978.51,11312992,,
1/5/21,1969.00,1983.60,1956.00,1966.10,1953.91,11132803,,
1/6/21,1965.90,1966.00,1905.15,1914.25,1902.38,21414270,,
1/7/21,1920.50,1945.00,1905.15,1911.15,1899.30,14918406,,
1/8/21,1918.00,1938.40,1912.10,1933.70,1921.71,12709792,,
1/11/21,1938.80,1938.80,1892.50,1897.25,1885.49,15371556,,
1/12/21,1903.00,1960.00,1899.90,1957.05,1944.92,18996047,,
1/13/21,1963.55,1974.95,1918.45,1938.80,1926.78,12284876,,
1/14/21,1945.00,1966.90,1939.05,1960.60,1948.45,9946818,,
1/15/21,1960.60,1973.80,1920.05,1937.45,1925.44,9503790,,
1/18/21,1949.10,1997.00,1923.35,1983.95,1971.65,16198856,,
1/19/21,1994.65,2031.00,1994.65,2016.40,2003.90,14771048,,
1/20/21,2021.40,2058.00,2001.40,2054.70,2041.96,14271669,,
1/21/21,2082.00,2120.00,2075.00,2099.40,2086.39,18038987,,
1/22/21,2111.00,2115.35,2035.15,2049.60,2036.90,14090818,,
1/25/21,2034.95,2034.95,1932.00,1941.00,1928.97,25016570,,
1/27/21,1925.00,1925.00,1888.00,1895.00,1883.25,19553809,,
1/28/21,1880.15,1923.30,1870.00,1876.55,1864.92,15722291,,
1/29/21,1894.30,1913.10,1830.00,1841.95,1830.53,20173258,,
2/1/21,1859.40,1905.00,1848.00,1895.30,1883.55,15774504,,
2/2/21,1914.25,1940.00,1854.95,1925.80,1913.86,19138414,,
2/3/21,1928.30,1952.00,1900.00,1930.65,1918.68,13984228,,
2/4/21,1924.00,1940.00,1905.00,1924.30,1912.37,11826848,,
2/5/21,1930.05,1944.65,1920.00,1923.75,1911.83,9344470,,
2/8/21,1933.05,1969.00,1929.05,1951.45,1939.35,9776136,,
2/9/21,1961.95,1989.60,1952.30,1956.15,1944.02,9047308,,
2/10/21,1953.75,1984.75,1927.30,1974.30,1962.06,9799560,,
2/11/21,1980.00,2064.20,1972.25,2055.70,2042.96,19631870,,
2/12/21,2055.50,2078.00,2015.40,2041.60,2028.94,14074374,,
2/15/21,2048.05,2061.30,2025.00,2032.60,2020.00,7287590,,
2/16/21,2039.75,2079.40,2035.00,2059.50,2046.73,9886093,,
2/17/21,2060.00,2095.95,2050.60,2083.25,2070.34,10957388,,
2/18/21,2085.00,2108.40,2059.10,2067.70,2054.88,8605531,,
2/19/21,2057.00,2104.95,2053.30,2080.30,2067.41,10800704,,
2/22/21,2080.00,2089.90,1994.95,2008.10,1995.65,10985697,,
2/23/21,2048.00,2052.90,2013.60,2023.45,2010.91,11834752,,
2/24/21,2030.00,2065.25,2026.15,2061.00,2048.22,4987735,,
2/25/21,2076.00,2152.00,2073.00,2144.35,2131.06,16085897,,
2/26/21,2117.00,2133.90,2070.70,2085.80,2072.87,17297575,,
3/1/21,2110.20,2112.00,2062.50,2101.70,2088.67,8159670,,
3/2/21,2122.00,2130.00,2089.10,2106.00,2092.95,7915073,,
3/3/21,2121.05,2219.90,2107.20,2202.10,2188.45,14733134,,
3/4/21,2180.00,2189.95,2157.70,2175.85,2162.36,9892597,,
3/5/21,2156.00,2211.95,2153.05,2178.70,2165.19,11773630,,
3/8/21,2168.50,2231.90,2168.00,2191.10,2177.52,9002404,,
3/9/21,2200.00,2213.80,2146.60,2191.05,2177.47,6993792,,
3/10/21,2207.00,2215.10,2170.25,2181.95,2168.42,5316182,,
3/12/21,2195.00,2206.40,2123.90,2137.60,2124.35,7783173,,
3/15/21,2140.05,2148.90,2080.50,2108.90,2095.83,7706170,,
3/16/21,2114.00,2126.00,2095.50,2100.60,2087.58,6402757,,
3/17/21,2098.05,2103.00,2035.10,2055.35,2042.61,8865521,,
3/18/21,2072.90,2084.80,2001.00,2009.10,1996.65,9528809,,
3/19/21,1991.00,2095.85,1982.80,2082.00,2069.09,19284892,,
3/22/21,2071.00,2074.00,2033.20,2062.40,2049.62,8571196,,
3/23/21,2061.95,2109.70,2056.00,2087.50,2074.56,8039865,,
3/24/21,2079.75,2079.75,2040.40,2047.30,2034.61,7763726,,
3/25/21,2054.00,2054.00,1985.00,1991.45,1979.11,10153757,,
3/26/21,2012.00,2013.70,1973.70,1994.65,1982.29,9313160,,
3/30/21,2008.00,2048.90,1991.55,2029.30,2016.72,9433842,,
3/31/21,2018.00,2049.90,1999.00,2003.10,1990.68,7499740,,
4/1/21,2018.00,2030.00,2003.15,2021.85,2009.32,5410307,,
4/5/21,2024.95,2025.00,1962.10,1992.60,1980.25,6864856,,
4/6/21,2004.00,2004.95,1969.00,1984.30,1972.00,6465241,,
4/7/21,2000.00,2046.90,1993.30,2002.85,1990.43,11198918,,
4/8/21,2011.00,2022.00,1993.00,2005.35,1992.92,7092878,,
4/9/21,1998.45,2006.35,1980.00,1982.05,1969.76,6478482,,
4/12/21,1959.00,1961.40,1900.25,1911.15,1899.30,9646031,,
4/13/21,1924.00,1940.60,1917.85,1931.80,1919.83,8958261,,
4/15/21,1926.30,1961.00,1913.00,1944.30,1932.25,9102492,,
4/16/21,1936.60,1949.90,1926.45,1932.10,1920.12,7225679,,
4/19/21,1904.00,1916.40,1890.00,1901.70,1889.91,8527967,,
4/20/21,1910.50,1919.00,1890.45,1901.15,1889.37,7939490,,
4/22/21,1892.25,1914.45,1876.70,1906.40,1894.58,6687573,,
4/23/21,1906.00,1918.90,1895.35,1904.35,1892.55,5459016,,
4/26/21,1920.00,1962.00,1911.50,1937.85,1925.84,9620785,,
4/27/21,1940.00,1997.20,1938.25,1988.65,1976.32,9226547,,
4/28/21,1997.85,2008.00,1980.15,1997.30,1984.92,7902002,,
4/29/21,2022.90,2044.50,2007.30,2024.05,2011.50,8035915,,
4/30/21,2008.50,2036.00,1987.55,1994.50,1982.14,9150974,,
5/3/21,1966.00,1979.00,1943.10,1959.05,1946.91,10909942,,
5/4/21,1950.00,1967.80,1911.00,1916.60,1904.72,10083693,,
5/5/21,1923.35,1938.50,1908.05,1920.10,1908.20,5719649,,
5/6/21,1921.85,1935.00,1906.60,1931.00,1919.03,6749281,,
5/7/21,1937.75,1955.65,1926.00,1931.75,1919.78,5671163,,
5/10/21,1939.00,1946.80,1920.95,1926.20,1914.26,6433879,,
5/11/21,1915.00,1938.55,1910.00,1933.15,1921.17,6220217,,
5/12/21,1930.10,1932.90,1907.00,1913.15,1901.29,6081627,,
5/14/21,1928.05,1942.00,1906.00,1937.30,1925.29,6134079,,
5/17/21,1937.30,1963.45,1930.40,1960.35,1948.20,5479424,,
5/18/21,1981.00,2002.60,1972.50,1987.95,1975.63,5567958,,
5/19/21,1980.00,2016.45,1972.00,1997.05,1984.67,7530294,,
5/20/21,1997.90,2010.90,1981.00,1985.40,1973.09,5271497,,
5/21/21,1992.00,2009.60,1986.00,2002.55,1990.14,4977555,,
5/24/21,2008.00,2009.80,1982.00,1985.65,1973.34,3946636,,
5/25/21,1996.40,1997.00,1960.00,1963.15,1950.98,6821015,,
5/26/21,1975.00,1979.50,1965.30,1970.05,1957.84,3452113,,
5/27/21,1970.30,1993.00,1962.25,1976.10,1963.85,12377100,,
5/28/21,1990.00,2105.00,1990.00,2094.80,2081.82,26060864,,
5/31/21,2102.00,2191.70,2085.05,2160.30,2146.91,27285782,,
6/1/21,2166.00,2202.00,2146.50,2168.90,2155.46,12928379,,
6/2/21,2157.00,2209.50,2157.00,2201.25,2187.61,11366816,,
6/3/21,2221.00,2250.00,2196.10,2209.65,2195.95,11064116,,
6/4/21,2214.80,2216.45,2184.25,2190.50,2176.92,6677278,,
6/7/21,2202.00,2242.00,2185.00,2227.40,2213.59,7539326,,
6/8/21,2226.60,2227.15,2198.15,2214.60,2200.87,4464889,,
6/9/21,2219.00,2221.00,2157.95,2175.00,2161.52,5265326,,
6/10/21,2193.40,2230.00,2177.55,2183.00,2169.47,6532832,,
6/11/21,2182.90,2228.00,2180.10,2213.15,2206.51,6351520,,
6/14/21,2215.00,2258.25,2195.05,2244.90,2238.16,9383416,,
6/15/21,2261.00,2274.90,2240.30,2250.00,2243.25,7002898,,
6/16/21,2244.90,2247.05,2205.85,2211.60,2204.96,4982975,,
6/17/21,2200.00,2235.00,2179.90,2215.65,2209.00,7266765,,
6/18/21,2225.50,2235.00,2184.35,2225.65,2218.97,13553801,,
6/21/21,2203.50,2247.50,2200.15,2237.25,2230.53,5624044,,
6/22/21,2254.00,2261.00,2219.35,2225.75,2219.07,5940386,,
6/23/21,2250.00,2250.60,2201.70,2205.35,2198.73,7685796,,
6/24/21,2206.85,2214.60,2140.00,2153.50,2147.04,42209687,,
6/25/21,2153.50,2153.50,2081.10,2104.45,2098.13,25546334,,
6/28/21,2122.00,2126.50,2081.00,2086.00,2079.74,9357852,,
6/29/21,2089.50,2109.00,2084.10,2087.80,2081.53,12526981,,
6/30/21,2096.25,2122.65,2091.05,2110.65,2104.31,9120556,,
7/1/21,2118.00,2123.15,2095.00,2097.95,2091.65,5784627,,
7/2/21,2097.00,2132.90,2092.95,2129.05,2122.66,6500973,,
7/5/21,2136.45,2153.55,2131.50,2150.20,2143.75,5400604,,
7/6/21,2144.95,2148.90,2120.20,2124.80,2118.42,4647361,,
7/7/21,2127.75,2127.75,2098.00,2110.05,2103.72,4824931,,
7/8/21,2116.95,2116.95,2081.00,2092.60,2086.32,5162088,,
7/9/21,2088.00,2091.70,2066.10,2071.20,2064.98,4170886,,
7/12/21,2079.75,2101.50,2074.50,2084.10,2077.84,3962111,,
7/13/21,2100.00,2103.05,2088.05,2099.70,2093.40,3099956,,
7/14/21,2100.35,2106.85,2081.25,2086.00,2079.74,3937768,,
7/15/21,2095.00,2095.00,2078.50,2082.35,2076.10,4360415,,
7/16/21,2087.75,2114.75,2087.60,2112.40,2106.06,4074206,,
7/19/21,2100.00,2124.00,2092.25,2098.95,2092.65,3855577,,
7/20/21,2099.50,2108.00,2084.00,2093.80,2087.52,3111185,,
7/22/21,2119.00,2123.90,2098.15,2120.70,2114.33,3679260,,
7/23/21,2134.45,2134.45,2102.05,2105.70,2099.38,4585938,,
7/26/21,2108.00,2121.00,2071.10,2076.85,2070.62,5717830,,
7/27/21,2076.80,2083.70,2042.00,2055.00,2048.83,4995516,,
7/28/21,2058.00,2058.00,2016.25,2037.35,2031.23,5952355,,
7/29/21,2054.00,2074.40,2043.40,2053.25,2047.09,6352886,,
7/30/21,2058.00,2067.95,2031.10,2035.30,2029.19,5238304,,
8/2/21,2054.30,2079.40,2041.15,2072.50,2066.28,5041934,,
8/3/21,2090.00,2091.00,2064.20,2087.75,2081.48,5453682,,
8/4/21,2094.40,2114.00,2087.00,2103.75,2097.44,6077861,,
8/5/21,2114.30,2154.80,2104.25,2134.25,2127.84,9807831,,
8/6/21,2129.95,2146.95,2078.75,2089.05,2082.78,7670583,,
8/9/21,2081.00,2089.80,2066.50,2077.15,2070.92,3458546,,
8/10/21,2082.00,2113.00,2073.75,2088.05,2081.78,5500708,,
8/11/21,2096.95,2120.00,2083.40,2117.30,2110.94,4238859,,
8/12/21,2124.90,2126.20,2105.00,2110.50,2104.17,3755507,,
8/13/21,2117.30,2149.90,2108.95,2145.65,2139.21,5898384,,
8/16/21,2149.35,2203.00,2128.15,2173.50,2166.98,10123204,,
8/17/21,2168.85,2185.20,2147.85,2164.25,2157.75,5841743,,
8/18/21,2174.00,2186.80,2152.60,2172.65,2166.13,4650008,,
8/20/21,2143.00,2172.00,2137.00,2148.25,2141.80,4350228,,
8/23/21,2174.00,2174.00,2132.30,2162.35,2155.86,4547802,,
8/24/21,2165.05,2192.00,2155.60,2183.70,2177.15,5475452,,
8/25/21,2185.40,2220.00,2180.10,2202.60,2195.99,6175126,,
8/26/21,2208.00,2244.90,2205.00,2230.45,2223.75,8579105,,
8/27/21,2237.00,2242.75,2216.05,2227.40,2220.71,4836812,,
8/30/21,2250.00,2275.85,2236.80,2270.25,2263.44,6473487,,
8/31/21,2276.90,2283.75,2242.25,2258.15,2251.37,12223037,,
9/1/21,2273.00,2292.90,2263.00,2267.10,2260.29,5143640,,
9/2/21,2255.00,2307.80,2255.00,2294.40,2287.51,4595048,,
9/3/21,2310.00,2395.00,2302.50,2388.50,2381.33,14151629,,
9/6/21,2413.00,2480.00,2412.00,2425.60,2418.32,15525644,,
9/7/21,2430.00,2458.00,2412.00,2440.90,2433.57,8006968,,
9/8/21,2452.00,2454.00,2406.65,2431.35,2424.05,6600210,,
9/9/21,2427.90,2437.85,2416.10,2425.60,2418.32,4136538,,
9/13/21,2433.00,2433.00,2368.05,2371.55,2364.43,7527598,,
9/14/21,2375.00,2394.00,2366.00,2368.45,2361.34,4111205,,
9/15/21,2368.50,2395.75,2368.50,2378.30,2371.16,4186300,,
9/16/21,2381.55,2436.75,2367.00,2428.20,2420.91,6206657,,
9/17/21,2446.00,2455.85,2375.60,2390.55,2383.37,16098099,,
9/20/21,2372.10,2418.35,2370.00,2394.35,2387.16,5436385,,
9/21/21,2405.00,2416.60,2384.00,2404.70,2397.48,4576111,,
9/22/21,2408.00,2442.00,2398.25,2430.50,2423.20,5074612,,
9/23/21,2447.40,2497.00,2445.50,2489.90,2482.43,7267883,,
9/24/21,2503.55,2505.45,2472.00,2482.70,2475.25,7011181,,
9/27/21,2487.00,2529.90,2475.30,2524.45,2516.87,7095022,,
9/28/21,2534.00,2564.90,2512.80,2548.05,2540.40,8323269,,
9/29/21,2570.00,2570.00,2520.05,2527.85,2520.26,4485721,,
9/30/21,2525.00,2534.60,2500.35,2519.25,2511.69,6272085,,
10/1/21,2501.95,2539.80,2495.00,2523.70,2516.12,4134544,,
10/4/21,2553.00,2574.85,2537.05,2556.15,2548.48,5038910,,
10/5/21,2555.10,2612.00,2547.35,2609.20,2601.37,6245770,,
10/6/21,2619.95,2619.95,2551.10,2559.85,2552.17,4734472,,
10/7/21,2595.00,2598.75,2567.70,2572.40,2564.68,2924370,,
10/8/21,2585.25,2684.40,2581.50,2671.25,2663.23,7279003,,
10/11/21,2701.40,2720.00,2645.35,2652.65,2644.69,6815737,,
10/12/21,2645.00,2683.00,2641.25,2667.80,2659.79,3083747,,
10/13/21,2679.00,2719.50,2669.30,2694.95,2686.86,4596429,,
10/14/21,2700.35,2717.45,2687.20,2700.40,2692.29,3979730,,
10/18/21,2668.60,2745.00,2662.30,2707.60,2699.47,6273850,,
10/19/21,2723.80,2751.35,2708.00,2731.85,2723.65,4076617,,
10/20/21,2742.75,2742.75,2691.50,2700.40,2692.29,5865926,,
10/21/21,2727.40,2728.00,2603.20,2622.50,2614.63,9613812,,
10/22/21,2620.00,2664.90,2611.50,2627.40,2619.51,5089178,,
10/25/21,2680.00,2680.00,2570.00,2601.80,2593.99,7937067,,
10/26/21,2617.10,2668.90,2603.15,2661.05,2653.06,4499706,,
10/27/21,2652.00,2676.80,2619.95,2627.40,2619.51,4567140,,
10/28/21,2620.00,2637.95,2590.50,2598.60,2590.80,4562471,,
10/29/21,2596.15,2596.15,2501.70,2536.25,2528.64,6568539,,
11/1/21,2536.25,2556.00,2494.10,2537.80,2530.18,7144532,,
11/2/21,2545.00,2548.00,2495.25,2500.80,2493.29,4877652,,
11/3/21,2506.05,2520.00,2461.00,2483.60,2476.15,5533120,,
11/4/21,2492.95,2504.90,2490.00,2498.85,2491.35,787160,,
11/8/21,2519.40,2520.00,2456.40,2501.95,2494.44,9385607,,
11/9/21,2505.00,2528.90,2487.05,2521.70,2514.13,7237470,,
11/10/21,2516.70,2558.00,2503.65,2549.90,2542.25,4731975,,
11/11/21,2540.05,2570.50,2535.55,2554.55,2546.88,4948422,,
11/12/21,2562.90,2598.75,2557.00,2593.10,2585.32,4020744,,
11/15/21,2600.00,2602.20,2570.00,2577.80,2570.06,2216708,,
11/16/21,2572.05,2575.00,2495.00,2517.90,2510.34,5232292,,
11/17/21,2498.95,2498.95,2461.00,2464.00,2456.60,4708235,,
11/18/21,2460.00,2489.00,2450.05,2473.30,2465.88,3925345,,
11/22/21,2436.10,2449.00,2351.00,2363.75,2356.65,11133364,,
11/23/21,2333.05,2401.25,2309.00,2385.85,2378.69,11688406,,
11/24/21,2380.00,2409.90,2343.55,2351.40,2344.34,7762564,,
11/25/21,2373.00,2502.00,2357.15,2492.95,2485.47,19568487,,
11/26/21,2467.80,2477.60,2401.50,2412.60,2405.36,7274686,,
11/29/21,2439.10,2500.00,2399.10,2441.50,2434.17,11226147,,
11/30/21,2468.00,2475.90,2388.85,2405.40,2398.18,14847511,,
12/1/21,2433.00,2474.00,2425.10,2467.00,2459.59,4663276,,
12/2/21,2469.70,2496.20,2461.60,2482.85,2475.40,5870468,,
12/3/21,2498.40,2498.50,2400.00,2408.25,2401.02,8871172,,
12/6/21,2416.00,2425.00,2357.15,2362.60,2355.51,4768334,,
12/7/21,2376.15,2404.00,2360.00,2381.85,2374.70,5185007,,
12/8/21,2424.10,2431.80,2406.30,2418.10,2410.84,4035437,,
12/9/21,2435.00,2474.90,2425.00,2456.45,2449.08,6098050,,
12/10/21,2440.25,2466.00,2430.35,2458.95,2451.57,3860176,,
12/13/21,2473.50,2474.10,2404.00,2409.65,2402.42,5954148,,
12/14/21,2380.00,2406.00,2373.40,2380.15,2373.01,5995586,,
12/15/21,2384.00,2405.00,2361.10,2373.20,2366.08,4322855,,
12/16/21,2405.70,2415.50,2368.65,2403.90,2396.68,4504829,,
12/17/21,2398.05,2408.00,2320.00,2340.45,2333.42,9714489,,
12/20/21,2317.85,2317.85,2247.10,2277.35,2270.51,6611376,,
12/21/21,2311.35,2346.00,2292.20,2311.25,2304.31,5924071,,
12/22/21,2324.90,2371.90,2322.00,2366.10,2359.00,8149415,,
12/23/21,2374.00,2380.00,2358.05,2365.25,2358.15,4186912,,
12/24/21,2370.00,2392.00,2337.55,2372.80,2365.68,3639616,,
12/27/21,2361.55,2378.00,2348.10,2370.25,2363.14,1853948,,
12/28/21,2375.60,2404.85,2373.05,2398.40,2391.20,2941883,,
12/29/21,2391.00,2419.00,2382.10,2402.50,2395.29,7118779,,
12/30/21,2400.00,2404.95,2345.60,2359.10,2352.02,13537254,,
12/31/21,2373.00,2383.90,2360.00,2368.15,2361.04,4373768,,
1/3/22,2365.00,2407.95,2363.55,2403.85,2396.63,2502073,,
1/4/22,2415.90,2461.00,2404.00,2458.10,2450.72,5006225,,
1/5/22,2462.00,2477.00,2432.95,2469.60,2462.19,5373618,,
1/6/22,2451.20,2454.00,2409.00,2416.50,2409.25,6667483,,
1/7/22,2430.95,2458.05,2411.55,2436.00,2428.69,6051239,,
1/10/22,2452.00,2457.00,2416.05,2438.00,2430.68,4267365,,
1/11/22,2436.00,2474.95,2435.00,2455.55,2448.18,7478681,,
1/12/22,2471.30,2524.95,2465.00,2521.10,2513.53,6830402,,
1/13/22,2521.25,2541.00,2508.40,2535.30,2527.69,5471871,,
1/14/22,2535.00,2567.30,2525.85,2539.00,2531.38,9197773,,
1/17/22,2538.00,2565.00,2537.00,2552.25,2544.59,3708822,,
1/18/22,2554.75,2562.35,2515.75,2521.80,2514.23,2868235,,
1/19/22,2530.00,2542.00,2509.00,2521.60,2514.03,4502155,,
1/20/22,2500.05,2509.95,2455.00,2477.45,2470.01,7612203,,
1/21/22,2452.00,2502.25,2452.00,2477.85,2470.41,6155759,,
1/24/22,2475.00,2504.75,2355.10,2377.90,2370.76,10092511,,
1/25/22,2349.55,2388.65,2305.00,2373.25,2366.13,11311456,,
1/27/22,2336.00,2356.10,2311.05,2338.10,2331.08,9239426,,
1/28/22,2365.00,2375.90,2328.40,2335.85,2328.84,6769154,,
1/31/22,2360.20,2406.40,2356.20,2386.60,2379.44,5604308,,
2/1/22,2408.00,2420.60,2347.10,2378.70,2371.56,6092033,,
2/2/22,2407.00,2407.00,2375.10,2383.55,2376.40,4623163,,
2/3/22,2392.00,2401.45,2347.20,2352.75,2345.69,4417864,,
2/4/22,2341.00,2348.45,2321.10,2331.30,2324.30,5104761,,
2/7/22,2342.00,2356.80,2305.00,2317.10,2310.14,4944725,,
2/8/22,2330.65,2360.00,2310.00,2356.05,2348.98,5566080,,
2/9/22,2371.15,2387.20,2358.00,2383.50,2376.35,5300891,,
2/10/22,2395.70,2395.70,2365.10,2381.05,2373.90,5752361,,
2/11/22,2373.25,2384.50,2344.10,2376.40,2369.27,7357863,,
2/14/22,2340.25,2354.95,2313.00,2338.55,2331.53,4947109,,
2/15/22,2351.20,2423.90,2335.70,2417.95,2410.69,5174646,,
2/16/22,2430.00,2433.00,2395.95,2412.95,2405.71,4796294,,
2/17/22,2420.10,2454.90,2410.00,2443.50,2436.17,5931774,,
2/18/22,2444.40,2456.40,2420.15,2424.40,2417.12,3126873,,
2/21/22,2412.00,2437.50,2384.60,2399.90,2392.70,5125968,,
2/22/22,2352.90,2395.90,2347.15,2389.00,2381.83,6227901,,
2/23/22,2401.10,2406.55,2368.00,2374.05,2366.92,3373615,,
2/24/22,2305.00,2339.90,2243.40,2255.75,2248.98,11466725,,
2/25/22,2280.10,2307.95,2276.25,2283.95,2277.09,6724094,,
2/28/22,2243.00,2367.35,2243.00,2359.55,2352.47,9828768,,
3/2/22,2334.45,2401.00,2329.20,2398.55,2391.35,9909226,,
3/3/22,2400.00,2414.85,2370.05,2378.30,2371.16,4701183,,
3/4/22,2353.00,2364.30,2320.35,2325.55,2318.57,4986814,,
3/7/22,2278.70,2312.10,2222.00,2239.55,2232.83,8299295,,
3/8/22,2211.50,2246.00,2180.00,2235.50,2228.79,9825043,,
3/9/22,2236.00,2367.00,2234.15,2354.10,2347.03,9421163,,
3/10/22,2400.00,2405.00,2360.00,2392.25,2385.07,8297995,,
3/11/22,2376.05,2411.00,2376.05,2399.15,2391.95,5656799,,
3/14/22,2386.90,2424.40,2374.00,2418.85,2411.59,3849222,,
3/15/22,2427.95,2427.95,2340.85,2363.45,2356.36,7349740,,
3/16/22,2382.00,2407.90,2377.10,2403.35,2396.14,5145644,,
3/17/22,2432.75,2497.40,2415.10,2481.70,2474.25,9886295,,
3/21/22,2444.00,2484.00,2439.00,2467.40,2459.99,5537752,,
3/22/22,2460.10,2534.95,2453.60,2531.15,2523.55,10410082,,
3/23/22,2523.00,2564.85,2523.00,2539.20,2531.58,7135797,,
3/24/22,2510.00,2584.15,2510.00,2578.65,2570.91,6077153,,
3/25/22,2582.50,2616.00,2577.00,2595.85,2588.06,6563676,,
3/28/22,2610.00,2629.75,2586.50,2621.95,2614.08,4564891,,
3/29/22,2638.00,2638.00,2607.40,2622.55,2614.68,4007695,,
3/30/22,2639.90,2688.00,2617.10,2672.95,2664.93,7297028,,
3/31/22,2664.95,2669.70,2628.60,2634.75,2626.84,6102744,,
4/1/22,2636.00,2665.15,2622.00,2655.85,2647.88,3656408,,
4/4/22,2655.45,2675.00,2641.65,2663.70,2655.70,3659307,,
4/5/22,2651.10,2669.90,2620.70,2626.05,2618.17,6068663,,
4/6/22,2587.10,2634.50,2587.10,2619.05,2611.19,5656703,,
4/7/22,2595.10,2606.00,2567.00,2572.85,2565.13,7151632,,
4/8/22,2560.00,2625.00,2560.00,2615.65,2607.80,6992874,,
4/11/22,2600.00,2638.55,2583.00,2610.20,2602.36,4270816,,
4/12/22,2587.00,2602.60,2555.40,2561.05,2553.36,6099986,,
4/13/22,2574.50,2592.60,2545.50,2551.65,2543.99,4778478,,
4/18/22,2533.00,2559.80,2521.80,2543.85,2536.21,4603103,,
4/19/22,2558.00,2668.00,2551.05,2640.80,2632.87,12064446,,
4/20/22,2657.10,2734.00,2649.10,2718.45,2710.29,11570835,,
4/21/22,2750.90,2789.00,2732.00,2782.10,2773.75,10018531,,
4/22/22,2758.90,2802.00,2744.20,2758.80,2750.52,6947490,,
4/25/22,2742.40,2758.40,2663.65,2695.00,2686.91,7874671,,
4/26/22,2710.00,2795.00,2707.70,2775.65,2767.32,5643066,,
4/27/22,2755.85,2828.00,2755.05,2778.35,2770.01,8924920,,
4/28/22,2809.95,2851.00,2786.10,2819.85,2811.39,11820892,,
4/29/22,2856.15,2856.15,2777.30,2790.25,2781.87,8406156,,
5/2/22,2762.00,2805.50,2758.05,2780.45,2772.10,4369022,,
5/4/22,2785.00,2790.00,2676.30,2693.65,2685.56,8882792,,
5/5/22,2723.50,2730.00,2632.00,2640.90,2632.97,7942721,,
5/6/22,2612.20,2659.00,2593.55,2620.65,2612.78,9068448,,
5/9/22,2574.95,2597.10,2507.00,2518.30,2510.74,8345649,,
5/10/22,2495.00,2526.60,2458.00,2474.65,2467.22,9004636,,
5/11/22,2472.65,2484.95,2421.95,2449.30,2441.95,7681157,,
5/12/22,2427.50,2434.85,2370.00,2399.40,2392.20,9456280,,
5/13/22,2426.00,2478.00,2415.35,2426.60,2419.32,8910998,,
5/16/22,2434.45,2481.00,2416.65,2427.20,2419.91,6201594,,
5/17/22,2435.10,2539.90,2432.00,2529.15,2521.56,7638666,,
5/18/22,2539.65,2570.00,2508.25,2538.35,2530.73,7973235,,
5/19/22,2484.00,2512.50,2466.05,2479.85,2472.41,6783641,,
5/20/22,2512.50,2644.40,2502.00,2624.45,2616.57,10057508,,
5/23/22,2631.50,2653.55,2593.00,2606.90,2599.07,7039144,,
5/24/22,2607.00,2638.00,2597.70,2615.85,2608.00,6243086,,
5/25/22,2635.00,2656.70,2601.50,2612.00,2604.16,5867760,,
5/26/22,2624.40,2634.90,2548.00,2587.10,2579.33,8252551,,
5/27/22,2593.05,2605.15,2540.10,2575.10,2567.37,7624888,,
5/30/22,2615.00,2674.00,2594.20,2664.80,2656.80,6393341,,
5/31/22,2641.40,2678.80,2615.70,2632.65,2624.75,32591420,,
6/1/22,2634.30,2655.20,2616.20,2633.50,2625.59,4512079,,
6/2/22,2634.00,2732.45,2634.00,2724.30,2716.12,10211408,,
6/3/22,2744.00,2817.35,2742.00,2779.50,2771.16,11048210,,
6/6/22,2780.00,2814.00,2751.80,2767.55,2759.24,5119488,,
6/7/22,2769.90,2791.10,2752.05,2772.75,2764.43,5703333,,
6/8/22,2772.75,2781.00,2716.30,2724.05,2715.87,5759172,,
6/9/22,2710.00,2803.00,2710.00,2798.75,2790.35,7973935,,
6/10/22,2771.90,2789.90,2701.50,2714.25,2706.10,8349943,,
6/13/22,2650.00,2672.80,2616.30,2662.90,2654.91,8131998,,
6/14/22,2650.05,2671.85,2613.45,2628.10,2620.21,6790653,,
6/15/22,2617.55,2637.30,2584.40,2596.30,2588.51,5166738,,
6/16/22,2623.00,2659.05,2554.00,2560.00,2552.32,7896943,,
6/17/22,2560.00,2624.85,2556.10,2590.00,2582.23,11286988,,
6/20/22,2605.00,2617.10,2521.10,2543.05,2535.42,5568825,,
6/21/22,2560.00,2593.40,2528.30,2584.10,2576.34,5408801,,
6/22/22,2558.10,2558.30,2501.00,2505.60,2498.08,4899839,,
6/23/22,2515.05,2525.00,2445.00,2464.95,2457.55,8974475,,
6/24/22,2480.00,2511.00,2468.00,2500.05,2492.55,6571866,,
6/27/22,2544.95,2544.95,2481.55,2492.65,2485.17,7141493,,
6/28/22,2482.10,2533.95,2482.10,2527.70,2520.11,6263867,,
6/29/22,2507.20,2597.00,2501.00,2580.15,2572.41,8863172,,
6/30/22,2580.00,2615.90,2566.00,2595.65,2587.86,10666627,,
7/1/22,2574.90,2592.00,2365.00,2408.70,2401.47,37841671,,
7/4/22,2378.95,2442.00,2366.10,2413.70,2406.45,19317335,,
7/5/22,2423.00,2464.90,2417.10,2433.25,2425.95,8144239,,
7/6/22,2420.10,2441.95,2388.00,2411.85,2404.61,11050026,,
7/7/22,2425.90,2433.25,2375.00,2388.10,2380.93,10753423,,
7/8/22,2418.00,2418.00,2382.55,2391.40,2384.22,8773162,,
7/11/22,2376.50,2428.80,2370.00,2423.90,2416.62,6390604,,
7/12/22,2404.00,2439.70,2404.00,2420.45,2413.18,4974502,,
7/13/22,2427.30,2434.00,2373.00,2377.55,2370.41,6564435,,
7/14/22,2388.00,2433.95,2376.95,2397.15,2389.95,7831798,,
7/15/22,2415.00,2415.00,2383.10,2401.80,2394.59,4431880,,
7/18/22,2421.00,2425.00,2392.30,2422.25,2414.98,6996757,,
7/19/22,2400.30,2447.00,2400.30,2437.10,2429.78,7587006,,
7/20/22,2540.00,2542.50,2486.25,2503.00,2495.49,11041036,,
7/21/22,2494.00,2500.00,2467.30,2486.30,2478.84,7625468,,
7/22/22,2500.00,2516.30,2495.00,2503.10,2495.59,5062651,,
7/25/22,2467.45,2467.45,2403.00,2420.40,2413.13,10665470,,
7/26/22,2421.10,2443.90,2411.35,2421.50,2414.23,5216466,,
7/27/22,2419.95,2427.00,2402.00,2419.20,2411.94,3994321,,
7/28/22,2436.00,2467.95,2421.00,2457.10,2449.72,5766936,,
7/29/22,2474.70,2517.10,2464.00,2509.45,2501.92,6982808,,
8/1/22,2519.15,2587.75,2507.60,2574.85,2567.12,7245568,,
8/2/22,2572.50,2607.80,2561.55,2584.65,2576.89,6423115,,
8/3/22,2600.00,2610.00,2567.45,2606.35,2598.53,6576824,,
8/4/22,2610.00,2617.75,2535.00,2571.90,2564.18,6676577,,
8/5/22,2576.00,2578.80,2526.95,2534.00,2526.39,6434433,,
8/8/22,2531.00,2583.55,2531.00,2567.15,2559.44,4691228,,
8/10/22,2576.90,2589.90,2557.05,2582.50,2574.75,4949442,,
8/11/22,2603.10,2609.90,2580.20,2591.10,2583.32,3783480,,
8/12/22,2590.30,2641.35,2582.20,2633.00,2625.10,5838244,,
8/16/22,2646.20,2657.30,2627.30,2651.30,2643.34,3049304,,
8/17/22,2665.00,2676.90,2655.55,2665.15,2657.15,3044037,,
8/18/22,2660.00,2669.00,2640.20,2661.30,2661.30,3419730,,
8/19/22,2650.00,2661.70,2604.95,2613.85,2613.85,4366123,,
8/22/22,2617.00,2631.30,2586.00,2606.60,2606.60,4371179,,
8/23/22,2594.00,2653.20,2591.35,2646.80,2646.80,4466619,,
8/24/22,2640.10,2670.00,2635.35,2639.75,2639.75,4785579,,
8/25/22,2648.95,2662.90,2622.60,2632.05,2632.05,3632902,,
8/26/22,2633.00,2650.00,2607.00,2618.00,2618.00,4957449,,
8/29/22,2585.00,2655.00,2578.05,2597.65,2597.65,9155684,,